{"stats":{"minecraft:mined":{"minecraft:grass_block":5,"minecraft:oak_log":6,"minecraft:wheat":2},"minecraft:crafted":{"minecraft:oak_planks":4,"minecraft:crafting_table":1},"minecraft:killed":{"minecraft:creeper":1},"minecraft:custom":{"minecraft:open_chest":5,"minecraft:time_since_rest":1830,"minecraft:play_time":14279,"minecraft:sprint_one_cm":28326,"minecraft:damage_taken":103,"minecraft:walk_one_cm":27951,"minecraft:mob_kills":1,"minecraft:jump":23,"minecraft:damage_dealt":290,"minecraft:walk_on_water_one_cm":1256,"minecraft:leave_game":7,"minecraft:time_since_death":14279,"minecraft:sleep_in_bed":1,"minecraft:total_world_time":14279,"minecraft:fall_one_cm":1174,"minecraft:fly_one_cm":3905},"minecraft:used":{"minecraft:torch":10,"minecraft:wheat_seeds":2,"minecraft:dirt":20,"minecraft:crafting_table":1,"minecraft:iron_axe":4,"minecraft:dried_kelp":1,"minecraft:baked_potato":2,"minecraft:gravel":1},"minecraft:picked_up":{"minecraft:stick":2,"minecraft:wheat":2,"minecraft:wheat_seeds":7,"minecraft:gravel":1,"minecraft:dried_kelp":1,"minecraft:oak_log":6,"minecraft:oak_sapling":2,"minecraft:dirt":20}},"DataVersion":3953}