{"stats":{"minecraft:mined":{"minecraft:white_bed":2,"minecraft:cobblestone_stairs":3,"minecraft:jungle_leaves":7,"minecraft:obsidian":20,"minecraft:grass_block":219,"minecraft:jungle_log":43,"minecraft:soul_soil":26,"minecraft:composter":1,"minecraft:nether_wart":20,"minecraft:tall_seagrass":6,"minecraft:magma_block":3,"minecraft:iron_ore":156,"minecraft:fire":9,"minecraft:pumpkin":7,"minecraft:deepslate_lapis_ore":23,"minecraft:iron_bars":2,"minecraft:jungle_trapdoor":1,"minecraft:deepslate_redstone_ore":63,"minecraft:kelp_plant":64,"minecraft:soul_fire":6,"minecraft:powder_snow":15,"minecraft:torch":3,"minecraft:melon":3,"minecraft:nether_quartz_ore":15,"minecraft:cobblestone":40,"minecraft:sugar_cane":62,"minecraft:oak_planks":32,"minecraft:seagrass":7,"minecraft:repeater":7,"minecraft:wheat":202,"minecraft:birch_log":58,"minecraft:stone_brick_stairs":2,"minecraft:oak_log":340,"minecraft:sand":99,"minecraft:dirt":113,"minecraft:dispenser":2,"minecraft:netherrack":110,"minecraft:oak_leaves":103,"minecraft:deepslate":29,"minecraft:suspicious_gravel":1,"minecraft:nether_gold_ore":3,"minecraft:diamond_ore":2,"minecraft:tuff":1,"minecraft:mossy_cobblestone":2,"minecraft:deepslate_diamond_ore":15,"minecraft:oak_door":16,"minecraft:nether_bricks":35,"minecraft:crimson_roots":1,"minecraft:redstone_wire":73,"minecraft:spruce_leaves":2,"minecraft:kelp":14,"minecraft:sandstone":2,"minecraft:redstone_ore":1,"minecraft:furnace":2,"minecraft:carrots":147,"minecraft:snow":8,"minecraft:andesite":1,"minecraft:gold_block":2,"minecraft:nether_brick_fence":2,"minecraft:mossy_stone_brick_stairs":3,"minecraft:potatoes":230,"minecraft:cobblestone_slab":1,"minecraft:deepslate_iron_ore":61,"minecraft:vine":10,"minecraft:rail":186,"minecraft:bamboo":128,"minecraft:stone":390,"minecraft:white_wool":4,"minecraft:redstone_wall_torch":3,"minecraft:comparator":1,"minecraft:soul_sand":209,"minecraft:snow_block":14,"minecraft:basalt":22,"minecraft:observer":2,"minecraft:oak_fence":20,"minecraft:crafting_table":16,"minecraft:short_grass":38,"minecraft:copper_ore":7,"minecraft:deepslate_coal_ore":4,"minecraft:lapis_ore":5,"minecraft:deepslate_gold_ore":25,"minecraft:redstone_torch":1,"minecraft:birch_leaves":9,"minecraft:coal_ore":94,"minecraft:cocoa":37,"minecraft:gravel":68,"minecraft:cobweb":2,"minecraft:cracked_stone_bricks":1,"minecraft:oak_button":4,"minecraft:stone_bricks":5,"minecraft:mossy_stone_bricks":2,"minecraft:gold_ore":8},"minecraft:used":{"minecraft:iron_shovel":435,"minecraft:dispenser":4,"minecraft:ladder":6,"minecraft:chest":17,"minecraft:shield":90,"minecraft:stone":1,"minecraft:iron_sword":181,"minecraft:rotten_flesh":8,"minecraft:iron_chestplate":6,"minecraft:cocoa_beans":53,"minecraft:nether_bricks":33,"minecraft:carrot":229,"minecraft:snowball":3,"minecraft:milk_bucket":1,"minecraft:obsidian":10,"minecraft:glass":7,"minecraft:lava_bucket":23,"minecraft:iron_helmet":6,"minecraft:stone_brick_stairs":2,"minecraft:stone_bricks":4,"minecraft:repeater":8,"minecraft:furnace":4,"minecraft:cooked_cod":8,"minecraft:potato":312,"minecraft:stone_pickaxe":131,"minecraft:oak_planks":449,"minecraft:wooden_pickaxe":40,"minecraft:mossy_stone_brick_stairs":3,"minecraft:composter":4,"minecraft:sugar_cane":9,"minecraft:white_wool":4,"minecraft:golden_apple":2,"minecraft:golden_hoe":11,"minecraft:redstone_torch":7,"minecraft:bread":10,"minecraft:gravel":19,"minecraft:golden_helmet":1,"minecraft:jungle_sign":1,"minecraft:oak_boat":12,"minecraft:bone_meal":69,"minecraft:oak_fence":95,"minecraft:enchanting_table":1,"minecraft:stone_sword":132,"minecraft:flint_and_steel":3,"minecraft:stone_shovel":225,"minecraft:redstone":88,"minecraft:dried_kelp":78,"minecraft:cooked_salmon":9,"minecraft:stone_hoe":247,"minecraft:netherrack":84,"minecraft:oak_door":19,"minecraft:torch":265,"minecraft:brewing_stand":1,"minecraft:dirt":273,"minecraft:anvil":1,"minecraft:hopper":4,"minecraft:jungle_trapdoor":2,"minecraft:golden_chestplate":1,"minecraft:oak_fence_gate":1,"minecraft:bookshelf":3,"minecraft:iron_axe":610,"minecraft:jungle_log":13,"minecraft:iron_boots":7,"minecraft:bamboo":20,"minecraft:basalt":18,"minecraft:soul_soil":16,"minecraft:cobbled_deepslate":32,"minecraft:observer":3,"minecraft:iron_leggings":3,"minecraft:wheat_seeds":291,"minecraft:cooked_mutton":16,"minecraft:water_bucket":145,"minecraft:cobblestone_stairs":11,"minecraft:baked_potato":54,"minecraft:cobblestone_slab":2,"minecraft:leather_boots":2,"minecraft:rail":7,"minecraft:comparator":2,"minecraft:oak_slab":15,"minecraft:crafting_table":16,"minecraft:white_bed":4,"minecraft:oak_log":105,"minecraft:diamond_pickaxe":339,"minecraft:oak_button":6,"minecraft:iron_pickaxe":862,"minecraft:golden_leggings":5,"minecraft:stone_axe":451,"minecraft:fishing_rod":25,"minecraft:cobblestone":288,"minecraft:bucket":171,"minecraft:glass_pane":20},"minecraft:dropped":{"minecraft:dirt":13,"minecraft:gravel":2,"minecraft:stone_axe":2,"minecraft:arrow":2,"minecraft:egg":1,"minecraft:wheat_seeds":1,"minecraft:cobblestone":1,"minecraft:dried_kelp":1,"minecraft:filled_map":2,"minecraft:spider_eye":1,"minecraft:sandstone":2},"minecraft:killed_by":{"minecraft:wither_skeleton":3,"minecraft:blaze":2},"minecraft:picked_up":{"minecraft:iron_chestplate":2,"minecraft:wheat":206,"minecraft:nether_brick_fence":4,"minecraft:lead":16,"minecraft:stone_brick_stairs":2,"minecraft:string":21,"minecraft:soul_soil":28,"minecraft:raw_copper":22,"minecraft:iron_leggings":1,"minecraft:gold_nugget":18,"minecraft:cobbled_deepslate":36,"minecraft:comparator":1,"minecraft:redstone_torch":5,"minecraft:cobblestone_slab":1,"minecraft:iron_pickaxe":3,"minecraft:melon_slice":14,"minecraft:iron_boots":2,"minecraft:furnace":2,"minecraft:golden_helmet":3,"minecraft:stick":57,"minecraft:composter":1,"minecraft:oak_fence":18,"minecraft:torch":4,"minecraft:porkchop":9,"minecraft:dried_kelp":9,"minecraft:golden_chestplate":3,"minecraft:stone_sword":3,"minecraft:rotten_flesh":76,"minecraft:blaze_rod":4,"minecraft:obsidian":20,"minecraft:cod":10,"minecraft:iron_bars":2,"minecraft:snowball":62,"minecraft:cobblestone":740,"minecraft:birch_log":58,"minecraft:magma_block":3,"minecraft:repeater":7,"minecraft:andesite":1,"minecraft:jungle_log":43,"minecraft:golden_leggings":3,"minecraft:potato":628,"minecraft:flint":7,"minecraft:tuff":4,"minecraft:dirt":366,"minecraft:lapis_lazuli":195,"minecraft:name_tag":2,"minecraft:leather_boots":2,"minecraft:bone":41,"minecraft:bow":5,"minecraft:wheat_seeds":587,"minecraft:raw_gold":33,"minecraft:mossy_stone_bricks":1,"minecraft:bamboo":953,"minecraft:oak_planks":116,"minecraft:mossy_stone_brick_stairs":3,"minecraft:poisonous_potato":2,"minecraft:sand":100,"minecraft:grass_block":1,"minecraft:mossy_cobblestone":2,"minecraft:dispenser":2,"minecraft:diamond":17,"minecraft:golden_apple":6,"minecraft:bread":6,"minecraft:oak_sapling":71,"minecraft:netherrack":112,"minecraft:crimson_roots":1,"minecraft:cocoa_beans":120,"minecraft:crafting_table":16,"minecraft:ominous_bottle":1,"minecraft:nether_wart":29,"minecraft:chest_minecart":4,"minecraft:gold_block":2,"minecraft:shield":2,"minecraft:jungle_trapdoor":1,"minecraft:iron_axe":3,"minecraft:beef":4,"minecraft:oak_boat":12,"minecraft:observer":2,"minecraft:sugar_cane":91,"minecraft:birch_sapling":17,"minecraft:egg":18,"minecraft:raw_iron":211,"minecraft:sandstone":2,"minecraft:oak_door":17,"minecraft:copper_ingot":4,"minecraft:carrot":528,"minecraft:redstone":368,"minecraft:arrow":20,"minecraft:nether_bricks":37,"minecraft:mutton":27,"minecraft:white_wool":32,"minecraft:rail":189,"minecraft:basalt":24,"minecraft:salmon":7,"minecraft:leather":2,"minecraft:filled_map":1,"minecraft:oak_log":339,"minecraft:gunpowder":12,"minecraft:cobblestone_stairs":3,"minecraft:white_banner":1,"minecraft:stone_bricks":5,"minecraft:apple":6,"minecraft:kelp":537,"minecraft:soul_sand":195,"minecraft:iron_sword":2,"minecraft:pumpkin":7,"minecraft:quartz":15,"minecraft:gravel":55,"minecraft:white_bed":2,"minecraft:spider_eye":4,"minecraft:stone_axe":3,"minecraft:iron_helmet":2,"minecraft:gray_wool":3,"minecraft:oak_button":5,"minecraft:baked_potato":4,"minecraft:coal":105,"minecraft:ender_pearl":1},"minecraft:killed":{"minecraft:cave_spider":1,"minecraft:zombified_piglin":1,"minecraft:spider":16,"minecraft:cod":1,"minecraft:skeleton":23,"minecraft:pig":7,"minecraft:zombie_villager":1,"minecraft:creeper":13,"minecraft:sheep":16,"minecraft:pillager":3,"minecraft:zombie":62,"minecraft:blaze":6,"minecraft:cow":3,"minecraft:slime":1,"minecraft:drowned":27,"minecraft:wandering_trader":1,"minecraft:wither_skeleton":20,"minecraft:enderman":3},"minecraft:crafted":{"minecraft:oak_planks":832,"minecraft:cobblestone_slab":6,"minecraft:stone":17,"minecraft:cobblestone_stairs":8,"minecraft:bookshelf":3,"minecraft:cooked_mutton":16,"minecraft:hopper":4,"minecraft:bamboo_block":103,"minecraft:glass":100,"minecraft:repeater":2,"minecraft:bow":3,"minecraft:iron_boots":2,"minecraft:comparator":1,"minecraft:chest":21,"minecraft:oak_button":1,"minecraft:dried_kelp_block":34,"minecraft:stone_hoe":2,"minecraft:oak_fence":81,"minecraft:raw_iron_block":9,"minecraft:oak_slab":36,"minecraft:cauldron":1,"minecraft:crafting_table":4,"minecraft:wooden_pickaxe":1,"minecraft:baked_potato":175,"minecraft:iron_helmet":2,"minecraft:brewing_stand":1,"minecraft:dispenser":2,"minecraft:bamboo_planks":4,"minecraft:iron_chestplate":2,"minecraft:book":8,"minecraft:paper":6,"minecraft:diamond_pickaxe":2,"minecraft:charcoal":3,"minecraft:shield":2,"minecraft:stick":144,"minecraft:iron_ingot":153,"minecraft:iron_pickaxe":3,"minecraft:iron_block":4,"minecraft:stone_sword":2,"minecraft:snow_block":15,"minecraft:gold_ingot":1,"minecraft:redstone_torch":9,"minecraft:composter":3,"minecraft:shears":1,"minecraft:jungle_sign":3,"minecraft:oak_door":3,"minecraft:redstone":72,"minecraft:raw_iron":81,"minecraft:stone_shovel":2,"minecraft:fishing_rod":1,"minecraft:furnace":2,"minecraft:jungle_trapdoor":2,"minecraft:bone_meal":72,"minecraft:glass_pane":32,"minecraft:flint_and_steel":1,"minecraft:iron_axe":4,"minecraft:ladder":6,"minecraft:stone_pickaxe":1,"minecraft:redstone_block":29,"minecraft:observer":4,"minecraft:cooked_cod":8,"minecraft:enchanting_table":1,"minecraft:dried_kelp":378,"minecraft:iron_sword":1,"minecraft:cooked_salmon":5,"minecraft:bucket":3,"minecraft:stone_axe":4,"minecraft:bread":8,"minecraft:air":0,"minecraft:jungle_planks":76,"minecraft:oak_fence_gate":1,"minecraft:oak_boat":2,"minecraft:iron_shovel":3,"minecraft:iron_leggings":2,"minecraft:anvil":1,"minecraft:white_bed":2,"minecraft:torch":260,"minecraft:lapis_block":12},"minecraft:broken":{"minecraft:stone_pickaxe":1,"minecraft:stone_axe":3,"minecraft:stone_shovel":1,"minecraft:stone_sword":1,"minecraft:stone_hoe":1,"minecraft:iron_axe":1,"minecraft:iron_pickaxe":1},"minecraft:custom":{"minecraft:animals_bred":85,"minecraft:interact_with_crafting_table":111,"minecraft:leave_game":13,"minecraft:time_since_death":227855,"minecraft:sprint_one_cm":1319153,"minecraft:damage_blocked_by_shield":3027,"minecraft:drop":13,"minecraft:talked_to_villager":2,"minecraft:play_time":523381,"minecraft:deaths":5,"minecraft:jump":5887,"minecraft:walk_on_water_one_cm":82919,"minecraft:interact_with_furnace":153,"minecraft:sleep_in_bed":22,"minecraft:damage_dealt":38332,"minecraft:crouch_one_cm":84496,"minecraft:inspect_dispenser":6,"minecraft:mob_kills":211,"minecraft:interact_with_anvil":6,"minecraft:inspect_hopper":5,"minecraft:climb_one_cm":6977,"minecraft:walk_one_cm":1930867,"minecraft:sneak_time":25682,"minecraft:walk_under_water_one_cm":125524,"minecraft:boat_one_cm":473427,"minecraft:total_world_time":523381,"minecraft:time_since_rest":14760,"minecraft:damage_taken":6075,"minecraft:damage_absorbed":80,"minecraft:swim_one_cm":449401,"minecraft:fly_one_cm":997939,"minecraft:open_chest":343,"minecraft:fish_caught":17,"minecraft:fall_one_cm":110286}},"DataVersion":3953}