{"stats":{"minecraft:mined":{"minecraft:white_bed":2,"minecraft:cobblestone_stairs":3,"minecraft:jungle_leaves":7,"minecraft:obsidian":20,"minecraft:grass_block":278,"minecraft:jungle_log":43,"minecraft:soul_soil":26,"minecraft:composter":1,"minecraft:oak_wall_sign":3,"minecraft:nether_wart":40,"minecraft:tall_seagrass":11,"minecraft:magma_block":3,"minecraft:iron_ore":212,"minecraft:fire":15,"minecraft:pumpkin":7,"minecraft:deepslate_lapis_ore":37,"minecraft:nether_brick_stairs":1,"minecraft:iron_bars":2,"minecraft:jungle_trapdoor":2,"minecraft:deepslate_redstone_ore":95,"minecraft:kelp_plant":102,"minecraft:soul_fire":6,"minecraft:powder_snow":15,"minecraft:torch":4,"minecraft:melon":3,"minecraft:chest":2,"minecraft:nether_quartz_ore":15,"minecraft:cobblestone":186,"minecraft:sugar_cane":77,"minecraft:oak_planks":45,"minecraft:wall_torch":5,"minecraft:seagrass":11,"minecraft:repeater":7,"minecraft:powered_rail":9,"minecraft:wheat":259,"minecraft:birch_log":85,"minecraft:stone_brick_stairs":2,"minecraft:oak_log":404,"minecraft:sand":110,"minecraft:dirt":210,"minecraft:dispenser":2,"minecraft:netherrack":110,"minecraft:oak_leaves":113,"minecraft:deepslate":42,"minecraft:suspicious_gravel":1,"minecraft:nether_gold_ore":3,"minecraft:diamond_ore":4,"minecraft:tuff":3,"minecraft:mossy_cobblestone":48,"minecraft:deepslate_diamond_ore":23,"minecraft:oak_door":16,"minecraft:lever":1,"minecraft:nether_bricks":36,"minecraft:crimson_roots":1,"minecraft:redstone_wire":73,"minecraft:spruce_leaves":2,"minecraft:kelp":25,"minecraft:sandstone":2,"minecraft:redstone_ore":15,"minecraft:furnace":2,"minecraft:carrots":147,"minecraft:snow":8,"minecraft:andesite":6,"minecraft:gold_block":2,"minecraft:nether_brick_fence":2,"minecraft:mossy_stone_brick_stairs":3,"minecraft:potatoes":230,"minecraft:cobblestone_slab":2,"minecraft:deepslate_iron_ore":123,"minecraft:vine":10,"minecraft:rail":370,"minecraft:bamboo":164,"minecraft:stone":733,"minecraft:white_wool":4,"minecraft:redstone_wall_torch":4,"minecraft:redstone_block":1,"minecraft:comparator":1,"minecraft:soul_sand":220,"minecraft:snow_block":14,"minecraft:basalt":22,"minecraft:observer":2,"minecraft:oak_fence":20,"minecraft:crafting_table":21,"minecraft:short_grass":41,"minecraft:copper_ore":7,"minecraft:deepslate_coal_ore":6,"minecraft:lapis_ore":7,"minecraft:deepslate_gold_ore":59,"minecraft:diorite":2,"minecraft:birch_planks":1,"minecraft:redstone_torch":2,"minecraft:birch_leaves":9,"minecraft:coal_ore":114,"minecraft:cocoa":50,"minecraft:gravel":92,"minecraft:cobweb":6,"minecraft:cracked_stone_bricks":1,"minecraft:oak_button":4,"minecraft:stone_bricks":5,"minecraft:mossy_stone_bricks":2,"minecraft:gold_ore":9},"minecraft:used":{"minecraft:iron_shovel":649,"minecraft:dispenser":4,"minecraft:oak_sign":6,"minecraft:ladder":6,"minecraft:chest":19,"minecraft:shield":150,"minecraft:stone":1,"minecraft:iron_sword":379,"minecraft:nether_wart":10,"minecraft:rotten_flesh":8,"minecraft:iron_chestplate":6,"minecraft:soul_sand":12,"minecraft:cocoa_beans":68,"minecraft:nether_bricks":33,"minecraft:carrot":229,"minecraft:tuff":2,"minecraft:snowball":3,"minecraft:milk_bucket":1,"minecraft:obsidian":10,"minecraft:glass":7,"minecraft:lava_bucket":25,"minecraft:iron_helmet":6,"minecraft:stone_brick_stairs":2,"minecraft:stone_bricks":4,"minecraft:repeater":8,"minecraft:bow":19,"minecraft:furnace":4,"minecraft:cooked_cod":8,"minecraft:potato":312,"minecraft:diorite":2,"minecraft:powered_rail":66,"minecraft:stone_pickaxe":131,"minecraft:oak_planks":735,"minecraft:wooden_pickaxe":40,"minecraft:mossy_stone_brick_stairs":3,"minecraft:redstone_block":1,"minecraft:composter":4,"minecraft:sugar_cane":9,"minecraft:white_wool":4,"minecraft:golden_apple":2,"minecraft:golden_hoe":11,"minecraft:sand":5,"minecraft:redstone_torch":55,"minecraft:lever":1,"minecraft:bread":10,"minecraft:gravel":24,"minecraft:golden_helmet":1,"minecraft:jungle_sign":1,"minecraft:andesite":6,"minecraft:oak_boat":13,"minecraft:bone_meal":69,"minecraft:oak_fence":95,"minecraft:enchanting_table":1,"minecraft:stone_sword":132,"minecraft:flint_and_steel":5,"minecraft:stone_shovel":225,"minecraft:redstone":88,"minecraft:dried_kelp":78,"minecraft:cooked_salmon":9,"minecraft:stone_hoe":247,"minecraft:cooked_chicken":1,"minecraft:netherrack":84,"minecraft:oak_door":19,"minecraft:torch":444,"minecraft:brewing_stand":1,"minecraft:dirt":475,"minecraft:anvil":1,"minecraft:hopper":4,"minecraft:jungle_trapdoor":3,"minecraft:golden_chestplate":1,"minecraft:oak_fence_gate":1,"minecraft:bookshelf":3,"minecraft:iron_axe":862,"minecraft:jungle_log":13,"minecraft:iron_boots":7,"minecraft:bamboo":20,"minecraft:basalt":18,"minecraft:soul_soil":16,"minecraft:minecart":13,"minecraft:cobbled_deepslate":61,"minecraft:observer":3,"minecraft:bamboo_planks":210,"minecraft:iron_leggings":3,"minecraft:wheat_seeds":348,"minecraft:cooked_mutton":16,"minecraft:water_bucket":174,"minecraft:cobblestone_stairs":14,"minecraft:birch_planks":185,"minecraft:glass_bottle":3,"minecraft:baked_potato":117,"minecraft:cobblestone_slab":5,"minecraft:leather_boots":2,"minecraft:rail":588,"minecraft:comparator":2,"minecraft:oak_slab":15,"minecraft:crafting_table":22,"minecraft:white_bed":4,"minecraft:oak_log":105,"minecraft:diamond_pickaxe":1342,"minecraft:oak_button":6,"minecraft:iron_pickaxe":862,"minecraft:golden_leggings":5,"minecraft:stone_axe":451,"minecraft:fishing_rod":25,"minecraft:cobblestone":637,"minecraft:bucket":202,"minecraft:glass_pane":20,"minecraft:kelp":23},"minecraft:dropped":{"minecraft:dirt":13,"minecraft:gravel":2,"minecraft:stone_axe":2,"minecraft:arrow":2,"minecraft:egg":1,"minecraft:wheat_seeds":1,"minecraft:cobblestone":1,"minecraft:dried_kelp":1,"minecraft:filled_map":2,"minecraft:spider_eye":1,"minecraft:sandstone":2},"minecraft:killed_by":{"minecraft:wither_skeleton":3,"minecraft:blaze":2},"minecraft:picked_up":{"minecraft:iron_chestplate":2,"minecraft:wheat":262,"minecraft:redstone_block":1,"minecraft:nether_brick_fence":4,"minecraft:lead":16,"minecraft:stone_brick_stairs":2,"minecraft:string":38,"minecraft:soul_soil":28,"minecraft:raw_copper":22,"minecraft:iron_leggings":1,"minecraft:oak_sign":3,"minecraft:gold_nugget":18,"minecraft:cobbled_deepslate":61,"minecraft:comparator":1,"minecraft:redstone_torch":7,"minecraft:cobblestone_slab":2,"minecraft:iron_pickaxe":3,"minecraft:melon_slice":14,"minecraft:iron_boots":2,"minecraft:furnace":2,"minecraft:golden_helmet":3,"minecraft:stick":59,"minecraft:composter":1,"minecraft:oak_fence":18,"minecraft:torch":10,"minecraft:porkchop":9,"minecraft:dried_kelp":9,"minecraft:diorite":2,"minecraft:golden_chestplate":3,"minecraft:stone_sword":3,"minecraft:rotten_flesh":152,"minecraft:blaze_rod":8,"minecraft:obsidian":20,"minecraft:cod":10,"minecraft:iron_bars":2,"minecraft:snowball":62,"minecraft:cobblestone":1229,"minecraft:birch_log":84,"minecraft:magma_block":3,"minecraft:magma_cream":1,"minecraft:repeater":7,"minecraft:andesite":6,"minecraft:jungle_log":43,"minecraft:golden_leggings":3,"minecraft:potato":628,"minecraft:flint":8,"minecraft:tuff":6,"minecraft:dirt":515,"minecraft:lapis_lazuli":298,"minecraft:name_tag":2,"minecraft:leather_boots":2,"minecraft:bone":64,"minecraft:bow":5,"minecraft:wheat_seeds":752,"minecraft:raw_gold":70,"minecraft:mossy_stone_bricks":1,"minecraft:bamboo":1267,"minecraft:powered_rail":9,"minecraft:oak_planks":129,"minecraft:mossy_stone_brick_stairs":3,"minecraft:poisonous_potato":7,"minecraft:sand":111,"minecraft:nether_brick_stairs":1,"minecraft:grass_block":1,"minecraft:mossy_cobblestone":50,"minecraft:dispenser":2,"minecraft:diamond":27,"minecraft:lever":1,"minecraft:golden_apple":6,"minecraft:bread":6,"minecraft:oak_sapling":77,"minecraft:netherrack":112,"minecraft:crimson_roots":1,"minecraft:cocoa_beans":159,"minecraft:crafting_table":21,"minecraft:ominous_bottle":1,"minecraft:nether_wart":70,"minecraft:chest_minecart":4,"minecraft:gold_block":2,"minecraft:shield":2,"minecraft:jungle_trapdoor":1,"minecraft:iron_axe":3,"minecraft:beef":4,"minecraft:oak_boat":12,"minecraft:observer":2,"minecraft:minecart":13,"minecraft:chest":2,"minecraft:sugar_cane":117,"minecraft:birch_sapling":17,"minecraft:egg":18,"minecraft:raw_iron":333,"minecraft:sandstone":2,"minecraft:oak_door":17,"minecraft:copper_ingot":4,"minecraft:carrot":528,"minecraft:redstone":570,"minecraft:arrow":32,"minecraft:nether_bricks":38,"minecraft:mutton":27,"minecraft:white_wool":32,"minecraft:rail":373,"minecraft:basalt":24,"minecraft:glow_ink_sac":6,"minecraft:salmon":7,"minecraft:leather":2,"minecraft:music_disc_stal":1,"minecraft:birch_planks":1,"minecraft:filled_map":3,"minecraft:oak_log":409,"minecraft:gunpowder":25,"minecraft:cobblestone_stairs":3,"minecraft:white_banner":1,"minecraft:stone_bricks":5,"minecraft:apple":8,"minecraft:kelp":933,"minecraft:soul_sand":206,"minecraft:iron_sword":2,"minecraft:pumpkin":7,"minecraft:quartz":15,"minecraft:gravel":78,"minecraft:white_bed":2,"minecraft:spider_eye":7,"minecraft:slime_ball":26,"minecraft:stone_axe":3,"minecraft:iron_helmet":2,"minecraft:gray_wool":3,"minecraft:oak_button":5,"minecraft:baked_potato":4,"minecraft:coal":131,"minecraft:ender_pearl":1},"minecraft:killed":{"minecraft:cave_spider":1,"minecraft:zombified_piglin":1,"minecraft:spider":26,"minecraft:cod":1,"minecraft:skeleton":37,"minecraft:magma_cube":9,"minecraft:pig":7,"minecraft:zombie_villager":2,"minecraft:creeper":22,"minecraft:sheep":16,"minecraft:pillager":3,"minecraft:zombie":118,"minecraft:blaze":11,"minecraft:cow":3,"minecraft:slime":38,"minecraft:drowned":30,"minecraft:wandering_trader":1,"minecraft:wither_skeleton":28,"minecraft:enderman":3},"minecraft:crafted":{"minecraft:oak_planks":1204,"minecraft:cobblestone_slab":6,"minecraft:oak_sign":3,"minecraft:blaze_powder":2,"minecraft:stone":17,"minecraft:cobblestone_stairs":12,"minecraft:lever":1,"minecraft:bookshelf":3,"minecraft:cooked_mutton":16,"minecraft:hopper":4,"minecraft:bamboo_block":128,"minecraft:glass":100,"minecraft:repeater":2,"minecraft:bow":4,"minecraft:iron_boots":2,"minecraft:comparator":1,"minecraft:chest":21,"minecraft:oak_button":1,"minecraft:rail":192,"minecraft:dried_kelp_block":49,"minecraft:stone_hoe":2,"minecraft:oak_fence":81,"minecraft:raw_iron_block":26,"minecraft:glass_bottle":3,"minecraft:oak_slab":36,"minecraft:cauldron":1,"minecraft:crafting_table":5,"minecraft:wooden_pickaxe":1,"minecraft:baked_potato":175,"minecraft:iron_helmet":2,"minecraft:raw_gold_block":1,"minecraft:birch_planks":188,"minecraft:brewing_stand":1,"minecraft:dispenser":2,"minecraft:bamboo_planks":210,"minecraft:iron_chestplate":2,"minecraft:book":8,"minecraft:paper":6,"minecraft:diamond_pickaxe":2,"minecraft:charcoal":3,"minecraft:shield":2,"minecraft:stick":276,"minecraft:iron_ingot":298,"minecraft:iron_pickaxe":3,"minecraft:iron_block":4,"minecraft:stone_sword":2,"minecraft:snow_block":15,"minecraft:gold_ingot":82,"minecraft:redstone_torch":64,"minecraft:composter":3,"minecraft:shears":1,"minecraft:jungle_sign":3,"minecraft:oak_door":3,"minecraft:redstone":180,"minecraft:raw_iron":234,"minecraft:stone_shovel":2,"minecraft:fishing_rod":1,"minecraft:furnace":2,"minecraft:jungle_trapdoor":2,"minecraft:bone_meal":72,"minecraft:glass_pane":32,"minecraft:flint_and_steel":1,"minecraft:iron_axe":5,"minecraft:ladder":6,"minecraft:stone_pickaxe":1,"minecraft:redstone_block":60,"minecraft:minecart":1,"minecraft:observer":4,"minecraft:sugar":3,"minecraft:cooked_cod":8,"minecraft:enchanting_table":1,"minecraft:dried_kelp":520,"minecraft:powered_rail":54,"minecraft:iron_sword":2,"minecraft:cooked_salmon":5,"minecraft:bucket":3,"minecraft:stone_axe":4,"minecraft:bread":8,"minecraft:air":0,"minecraft:jungle_planks":76,"minecraft:oak_fence_gate":1,"minecraft:oak_boat":3,"minecraft:iron_shovel":3,"minecraft:iron_leggings":3,"minecraft:anvil":1,"minecraft:white_bed":2,"minecraft:torch":428,"minecraft:lapis_block":24},"minecraft:broken":{"minecraft:stone_pickaxe":1,"minecraft:stone_axe":3,"minecraft:iron_sword":1,"minecraft:stone_shovel":1,"minecraft:stone_sword":1,"minecraft:stone_hoe":1,"minecraft:iron_axe":2,"minecraft:iron_pickaxe":1,"minecraft:iron_helmet":1},"minecraft:custom":{"minecraft:animals_bred":97,"minecraft:interact_with_crafting_table":140,"minecraft:leave_game":13,"minecraft:time_since_death":425855,"minecraft:sprint_one_cm":1784316,"minecraft:damage_blocked_by_shield":4747,"minecraft:drop":13,"minecraft:talked_to_villager":2,"minecraft:play_time":721381,"minecraft:deaths":5,"minecraft:jump":8875,"minecraft:interact_with_brewingstand":5,"minecraft:walk_on_water_one_cm":141687,"minecraft:interact_with_furnace":198,"minecraft:sleep_in_bed":30,"minecraft:damage_dealt":53024,"minecraft:crouch_one_cm":183463,"minecraft:inspect_dispenser":8,"minecraft:mob_kills":366,"minecraft:interact_with_anvil":9,"minecraft:inspect_hopper":5,"minecraft:climb_one_cm":7788,"minecraft:walk_one_cm":2546159,"minecraft:sneak_time":48273,"minecraft:walk_under_water_one_cm":160513,"minecraft:boat_one_cm":478073,"minecraft:total_world_time":721381,"minecraft:time_since_rest":47852,"minecraft:damage_taken":8611,"minecraft:damage_absorbed":80,"minecraft:minecart_one_cm":409744,"minecraft:swim_one_cm":507855,"minecraft:fly_one_cm":1593789,"minecraft:open_chest":500,"minecraft:fish_caught":17,"minecraft:fall_one_cm":170236}},"DataVersion":3953}