{"stats":{"minecraft:mined":{"minecraft:diamond_ore":1,"minecraft:tuff":1,"minecraft:white_bed":2,"minecraft:mossy_cobblestone":2,"minecraft:deepslate_diamond_ore":15,"minecraft:oak_door":16,"minecraft:cobblestone_stairs":3,"minecraft:obsidian":20,"minecraft:nether_bricks":35,"minecraft:grass_block":186,"minecraft:soul_soil":16,"minecraft:composter":1,"minecraft:kelp":13,"minecraft:nether_wart":20,"minecraft:sandstone":2,"minecraft:tall_seagrass":6,"minecraft:magma_block":3,"minecraft:redstone_ore":1,"minecraft:furnace":2,"minecraft:carrots":33,"minecraft:iron_ore":93,"minecraft:fire":8,"minecraft:pumpkin":7,"minecraft:deepslate_lapis_ore":16,"minecraft:nether_brick_fence":2,"minecraft:potatoes":68,"minecraft:deepslate_iron_ore":52,"minecraft:rail":186,"minecraft:bamboo":108,"minecraft:stone":247,"minecraft:deepslate_redstone_ore":54,"minecraft:soul_sand":128,"minecraft:kelp_plant":60,"minecraft:soul_fire":3,"minecraft:basalt":22,"minecraft:oak_fence":12,"minecraft:crafting_table":14,"minecraft:torch":2,"minecraft:short_grass":37,"minecraft:nether_quartz_ore":3,"minecraft:copper_ore":7,"minecraft:cobblestone":13,"minecraft:deepslate_gold_ore":25,"minecraft:sugar_cane":44,"minecraft:oak_planks":20,"minecraft:seagrass":6,"minecraft:birch_log":52,"minecraft:wheat":43,"minecraft:birch_leaves":1,"minecraft:coal_ore":58,"minecraft:oak_log":322,"minecraft:gravel":32,"minecraft:sand":99,"minecraft:dirt":72,"minecraft:cobweb":2,"minecraft:netherrack":41,"minecraft:gold_ore":4,"minecraft:mossy_stone_bricks":1,"minecraft:oak_leaves":55,"minecraft:deepslate":26,"minecraft:suspicious_gravel":1},"minecraft:crafted":{"minecraft:oak_door":3,"minecraft:oak_planks":784,"minecraft:raw_iron":81,"minecraft:stone_shovel":2,"minecraft:fishing_rod":1,"minecraft:furnace":2,"minecraft:cobblestone_stairs":8,"minecraft:bone_meal":72,"minecraft:bookshelf":1,"minecraft:cooked_mutton":16,"minecraft:glass_pane":32,"minecraft:glass":100,"minecraft:bamboo_block":74,"minecraft:bow":1,"minecraft:iron_boots":2,"minecraft:iron_axe":3,"minecraft:stone_pickaxe":1,"minecraft:chest":7,"minecraft:redstone_block":29,"minecraft:dried_kelp_block":34,"minecraft:stone_hoe":2,"minecraft:oak_fence":81,"minecraft:raw_iron_block":9,"minecraft:cooked_cod":8,"minecraft:oak_slab":36,"minecraft:cauldron":1,"minecraft:crafting_table":2,"minecraft:enchanting_table":1,"minecraft:wooden_pickaxe":1,"minecraft:dried_kelp":378,"minecraft:baked_potato":73,"minecraft:iron_helmet":2,"minecraft:iron_sword":1,"minecraft:cooked_salmon":5,"minecraft:bucket":2,"minecraft:brewing_stand":1,"minecraft:stone_axe":4,"minecraft:bread":8,"minecraft:air":0,"minecraft:oak_fence_gate":1,"minecraft:oak_boat":2,"minecraft:bamboo_planks":4,"minecraft:charcoal":3,"minecraft:book":2,"minecraft:iron_chestplate":2,"minecraft:paper":6,"minecraft:diamond_pickaxe":1,"minecraft:shield":2,"minecraft:stick":104,"minecraft:iron_ingot":153,"minecraft:iron_pickaxe":3,"minecraft:iron_block":4,"minecraft:stone_sword":2,"minecraft:gold_ingot":1,"minecraft:iron_shovel":2,"minecraft:iron_leggings":2,"minecraft:anvil":1,"minecraft:white_bed":2,"minecraft:composter":3,"minecraft:torch":192,"minecraft:lapis_block":12},"minecraft:broken":{"minecraft:stone_sword":1,"minecraft:stone_hoe":1,"minecraft:stone_pickaxe":1,"minecraft:iron_axe":1,"minecraft:stone_axe":3,"minecraft:iron_pickaxe":1,"minecraft:stone_shovel":1},"minecraft:killed":{"minecraft:cave_spider":1,"minecraft:zombified_piglin":1,"minecraft:spider":12,"minecraft:cod":1,"minecraft:skeleton":16,"minecraft:drowned":25,"minecraft:zombie_villager":1,"minecraft:wandering_trader":1,"minecraft:creeper":6,"minecraft:sheep":10,"minecraft:zombie":44,"minecraft:wither_skeleton":20,"minecraft:blaze":6,"minecraft:enderman":2,"minecraft:cow":3},"minecraft:custom":{"minecraft:mob_kills":153,"minecraft:interact_with_anvil":4,"minecraft:interact_with_crafting_table":81,"minecraft:leave_game":11,"minecraft:time_since_death":30023,"minecraft:sprint_one_cm":860409,"minecraft:walk_one_cm":957614,"minecraft:damage_blocked_by_shield":2312,"minecraft:drop":11,"minecraft:talked_to_villager":2,"minecraft:play_time":325549,"minecraft:deaths":5,"minecraft:sneak_time":14125,"minecraft:walk_under_water_one_cm":103253,"minecraft:boat_one_cm":473427,"minecraft:jump":3145,"minecraft:walk_on_water_one_cm":77683,"minecraft:total_world_time":325549,"minecraft:interact_with_furnace":132,"minecraft:sleep_in_bed":10,"minecraft:time_since_rest":1825,"minecraft:damage_taken":5113,"minecraft:damage_absorbed":80,"minecraft:damage_dealt":27989,"minecraft:swim_one_cm":423030,"minecraft:fly_one_cm":578521,"minecraft:open_chest":162,"minecraft:crouch_one_cm":37235,"minecraft:fish_caught":17,"minecraft:fall_one_cm":60586},"minecraft:dropped":{"minecraft:wheat_seeds":1,"minecraft:dirt":13,"minecraft:dried_kelp":1,"minecraft:gravel":2,"minecraft:stone_axe":2,"minecraft:filled_map":2,"minecraft:spider_eye":1,"minecraft:sandstone":2,"minecraft:arrow":2},"minecraft:killed_by":{"minecraft:wither_skeleton":3,"minecraft:blaze":2},"minecraft:used":{"minecraft:oak_fence":83,"minecraft:enchanting_table":1,"minecraft:stone_sword":132,"minecraft:iron_shovel":221,"minecraft:flint_and_steel":1,"minecraft:stone_shovel":225,"minecraft:dried_kelp":78,"minecraft:chest":7,"minecraft:shield":63,"minecraft:iron_sword":77,"minecraft:rotten_flesh":8,"minecraft:cooked_salmon":9,"minecraft:stone_hoe":247,"minecraft:netherrack":39,"minecraft:oak_door":19,"minecraft:iron_chestplate":4,"minecraft:torch":205,"minecraft:brewing_stand":1,"minecraft:dirt":228,"minecraft:anvil":1,"minecraft:nether_bricks":33,"minecraft:carrot":113,"minecraft:golden_chestplate":1,"minecraft:oak_fence_gate":1,"minecraft:obsidian":10,"minecraft:lava_bucket":21,"minecraft:bookshelf":1,"minecraft:iron_axe":375,"minecraft:iron_helmet":4,"minecraft:iron_boots":5,"minecraft:bamboo":20,"minecraft:basalt":18,"minecraft:soul_soil":16,"minecraft:furnace":4,"minecraft:cooked_cod":8,"minecraft:potato":148,"minecraft:cobbled_deepslate":32,"minecraft:iron_leggings":3,"minecraft:cooked_mutton":16,"minecraft:wheat_seeds":123,"minecraft:water_bucket":129,"minecraft:cobblestone_stairs":11,"minecraft:stone_pickaxe":131,"minecraft:baked_potato":19,"minecraft:oak_planks":431,"minecraft:wooden_pickaxe":40,"minecraft:composter":4,"minecraft:sugar_cane":9,"minecraft:leather_boots":2,"minecraft:golden_apple":2,"minecraft:rail":7,"minecraft:oak_slab":15,"minecraft:crafting_table":14,"minecraft:white_bed":4,"minecraft:oak_log":105,"minecraft:diamond_pickaxe":119,"minecraft:bread":10,"minecraft:iron_pickaxe":655,"minecraft:gravel":3,"minecraft:golden_leggings":3,"minecraft:stone_axe":451,"minecraft:golden_helmet":1,"minecraft:fishing_rod":25,"minecraft:cobblestone":84,"minecraft:bucket":152,"minecraft:glass_pane":12,"minecraft:oak_boat":12,"minecraft:bone_meal":69},"minecraft:picked_up":{"minecraft:crafting_table":14,"minecraft:iron_chestplate":2,"minecraft:wheat":51,"minecraft:nether_wart":29,"minecraft:nether_brick_fence":4,"minecraft:chest_minecart":4,"minecraft:lead":2,"minecraft:shield":2,"minecraft:string":18,"minecraft:soul_soil":20,"minecraft:raw_copper":22,"minecraft:iron_axe":3,"minecraft:iron_leggings":1,"minecraft:cobbled_deepslate":32,"minecraft:beef":4,"minecraft:oak_boat":12,"minecraft:iron_pickaxe":3,"minecraft:sugar_cane":69,"minecraft:birch_sapling":15,"minecraft:iron_boots":2,"minecraft:furnace":2,"minecraft:golden_helmet":3,"minecraft:stick":45,"minecraft:raw_iron":144,"minecraft:sandstone":2,"minecraft:oak_door":17,"minecraft:oak_fence":12,"minecraft:composter":1,"minecraft:copper_ingot":3,"minecraft:torch":3,"minecraft:dried_kelp":9,"minecraft:carrot":125,"minecraft:redstone":257,"minecraft:golden_chestplate":3,"minecraft:stone_sword":3,"minecraft:arrow":15,"minecraft:rotten_flesh":53,"minecraft:nether_bricks":37,"minecraft:blaze_rod":4,"minecraft:obsidian":20,"minecraft:mutton":16,"minecraft:cod":10,"minecraft:rail":189,"minecraft:white_wool":7,"minecraft:cobblestone":572,"minecraft:birch_log":52,"minecraft:magma_block":3,"minecraft:basalt":24,"minecraft:salmon":7,"minecraft:leather":2,"minecraft:golden_leggings":3,"minecraft:potato":247,"minecraft:filled_map":1,"minecraft:flint":2,"minecraft:tuff":4,"minecraft:oak_log":321,"minecraft:gunpowder":4,"minecraft:cobblestone_stairs":3,"minecraft:lapis_lazuli":111,"minecraft:dirt":282,"minecraft:name_tag":2,"minecraft:leather_boots":2,"minecraft:bone":36,"minecraft:apple":6,"minecraft:kelp":532,"minecraft:bow":3,"minecraft:wheat_seeds":128,"minecraft:raw_gold":29,"minecraft:bamboo":692,"minecraft:oak_planks":103,"minecraft:iron_sword":2,"minecraft:soul_sand":119,"minecraft:pumpkin":7,"minecraft:quartz":3,"minecraft:gravel":24,"minecraft:sand":100,"minecraft:white_bed":2,"minecraft:spider_eye":3,"minecraft:mossy_cobblestone":2,"minecraft:diamond":16,"minecraft:stone_axe":3,"minecraft:iron_helmet":2,"minecraft:golden_apple":6,"minecraft:gray_wool":3,"minecraft:bread":6,"minecraft:oak_sapling":67,"minecraft:baked_potato":4,"minecraft:netherrack":43,"minecraft:coal":64}},"DataVersion":3953}