{"stats":{"minecraft:mined":{"minecraft:white_bed":11,"minecraft:cobblestone_stairs":3,"minecraft:jungle_leaves":7,"minecraft:obsidian":20,"minecraft:grass_block":438,"minecraft:jungle_log":45,"minecraft:soul_soil":39,"minecraft:composter":4,"minecraft:hopper":6,"minecraft:oak_wall_sign":14,"minecraft:nether_wart":70,"minecraft:tall_seagrass":11,"minecraft:magma_block":3,"minecraft:iron_ore":214,"minecraft:fire":15,"minecraft:pumpkin":7,"minecraft:deepslate_lapis_ore":37,"minecraft:nether_brick_stairs":1,"minecraft:oak_sign":2,"minecraft:iron_bars":2,"minecraft:jungle_trapdoor":4,"minecraft:deepslate_redstone_ore":95,"minecraft:brown_mushroom":4,"minecraft:kelp_plant":128,"minecraft:soul_fire":21,"minecraft:powder_snow":15,"minecraft:torch":7,"minecraft:poppy":3,"minecraft:melon":3,"minecraft:chest":8,"minecraft:mushroom_stem":17,"minecraft:nether_quartz_ore":30,"minecraft:cobblestone":544,"minecraft:sugar_cane":313,"minecraft:oak_planks":86,"minecraft:wall_torch":7,"minecraft:cauldron":2,"minecraft:seagrass":13,"minecraft:repeater":7,"minecraft:powered_rail":32,"minecraft:bamboo_planks":8,"minecraft:wheat":544,"minecraft:birch_log":146,"minecraft:lilac":25,"minecraft:stone_brick_stairs":2,"minecraft:oak_log":549,"minecraft:sand":139,"minecraft:dirt":337,"minecraft:red_mushroom_block":41,"minecraft:dispenser":2,"minecraft:netherrack":110,"minecraft:oak_leaves":123,"minecraft:deepslate":42,"minecraft:suspicious_gravel":1,"minecraft:nether_gold_ore":3,"minecraft:diamond_ore":4,"minecraft:tuff":3,"minecraft:mossy_cobblestone":48,"minecraft:dark_oak_leaves":1,"minecraft:deepslate_diamond_ore":23,"minecraft:oak_door":21,"minecraft:lever":1,"minecraft:nether_bricks":36,"minecraft:crimson_roots":1,"minecraft:redstone_wire":73,"minecraft:brown_mushroom_block":45,"minecraft:spruce_leaves":4,"minecraft:kelp":37,"minecraft:sandstone":2,"minecraft:redstone_ore":15,"minecraft:oak_trapdoor":1,"minecraft:furnace":5,"minecraft:carrots":307,"minecraft:snow":8,"minecraft:andesite":18,"minecraft:peony":5,"minecraft:gold_block":2,"minecraft:nether_brick_fence":2,"minecraft:mossy_stone_brick_stairs":3,"minecraft:potatoes":387,"minecraft:cobblestone_slab":129,"minecraft:deepslate_iron_ore":123,"minecraft:vine":10,"minecraft:rail":501,"minecraft:bamboo":252,"minecraft:stone":1531,"minecraft:white_wool":5,"minecraft:redstone_wall_torch":4,"minecraft:oak_slab":11,"minecraft:redstone_block":1,"minecraft:comparator":1,"minecraft:soul_sand":222,"minecraft:snow_block":14,"minecraft:basalt":22,"minecraft:observer":2,"minecraft:oak_fence":23,"minecraft:crafting_table":43,"minecraft:short_grass":53,"minecraft:rose_bush":27,"minecraft:lectern":1,"minecraft:tall_grass":7,"minecraft:copper_ore":7,"minecraft:deepslate_coal_ore":6,"minecraft:deepslate_gold_ore":59,"minecraft:lapis_ore":7,"minecraft:diorite":2,"minecraft:birch_planks":1,"minecraft:cactus":3,"minecraft:redstone_torch":12,"minecraft:sweet_berry_bush":1,"minecraft:birch_leaves":11,"minecraft:coal_ore":114,"minecraft:cocoa":97,"minecraft:gravel":128,"minecraft:cobweb":6,"minecraft:cracked_stone_bricks":1,"minecraft:oak_button":4,"minecraft:stone_bricks":5,"minecraft:mossy_stone_bricks":2,"minecraft:gold_ore":9,"minecraft:jungle_wall_sign":1},"minecraft:crafted":{"minecraft:oak_planks":1444,"minecraft:cobblestone_slab":240,"minecraft:oak_sign":39,"minecraft:cactus":1,"minecraft:blaze_powder":2,"minecraft:cooked_chicken":20,"minecraft:stone":17,"minecraft:cobblestone_stairs":12,"minecraft:lever":1,"minecraft:bookshelf":17,"minecraft:cooked_mutton":16,"minecraft:bamboo_block":234,"minecraft:glass":120,"minecraft:hopper":11,"minecraft:repeater":2,"minecraft:bow":4,"minecraft:iron_boots":3,"minecraft:comparator":1,"minecraft:chest":34,"minecraft:oak_button":3,"minecraft:rail":208,"minecraft:dried_kelp_block":78,"minecraft:stone_hoe":3,"minecraft:oak_fence":81,"minecraft:raw_iron_block":26,"minecraft:smoker":2,"minecraft:glass_bottle":15,"minecraft:oak_slab":78,"minecraft:emerald":16,"minecraft:cauldron":3,"minecraft:crafting_table":7,"minecraft:wooden_pickaxe":1,"minecraft:baked_potato":355,"minecraft:iron_helmet":3,"minecraft:raw_gold_block":1,"minecraft:birch_planks":188,"minecraft:brewing_stand":1,"minecraft:dispenser":5,"minecraft:bamboo_planks":408,"minecraft:lectern":1,"minecraft:iron_chestplate":2,"minecraft:book":59,"minecraft:paper":222,"minecraft:diamond_pickaxe":3,"minecraft:charcoal":3,"minecraft:shield":2,"minecraft:stick":312,"minecraft:iron_ingot":405,"minecraft:iron_pickaxe":3,"minecraft:iron_block":33,"minecraft:stone_sword":2,"minecraft:snow_block":15,"minecraft:gold_ingot":82,"minecraft:redstone_torch":75,"minecraft:composter":7,"minecraft:shears":2,"minecraft:jungle_sign":3,"minecraft:oak_door":6,"minecraft:redstone":234,"minecraft:raw_iron":234,"minecraft:stone_shovel":2,"minecraft:fishing_rod":1,"minecraft:beehive":6,"minecraft:pointed_dripstone":2,"minecraft:furnace":7,"minecraft:bamboo_button":3,"minecraft:bamboo_sign":9,"minecraft:jungle_trapdoor":2,"minecraft:bone_meal":180,"minecraft:glass_pane":32,"minecraft:oak_trapdoor":2,"minecraft:flint_and_steel":1,"minecraft:iron_axe":7,"minecraft:ladder":6,"minecraft:stone_pickaxe":1,"minecraft:redstone_block":60,"minecraft:minecart":3,"minecraft:observer":11,"minecraft:cooked_beef":35,"minecraft:sugar":3,"minecraft:cooked_cod":8,"minecraft:enchanting_table":1,"minecraft:dried_kelp":786,"minecraft:powered_rail":54,"minecraft:iron_sword":3,"minecraft:cooked_salmon":5,"minecraft:bucket":3,"minecraft:stone_axe":4,"minecraft:bread":8,"minecraft:air":0,"minecraft:jungle_planks":76,"minecraft:oak_fence_gate":1,"minecraft:oak_boat":5,"minecraft:golden_apple":2,"minecraft:fermented_spider_eye":3,"minecraft:iron_shovel":4,"minecraft:iron_leggings":3,"minecraft:anvil":1,"minecraft:white_bed":9,"minecraft:torch":444,"minecraft:bamboo_trapdoor":6,"minecraft:lapis_lazuli":9,"minecraft:lapis_block":24},"minecraft:broken":{"minecraft:iron_boots":1,"minecraft:stone_pickaxe":1,"minecraft:stone_axe":3,"minecraft:iron_sword":1,"minecraft:stone_shovel":1,"minecraft:stone_sword":1,"minecraft:stone_hoe":1,"minecraft:iron_axe":2,"minecraft:iron_pickaxe":1,"minecraft:iron_helmet":1},"minecraft:killed":{"minecraft:cave_spider":1,"minecraft:zombified_piglin":1,"minecraft:spider":37,"minecraft:cod":1,"minecraft:skeleton":51,"minecraft:magma_cube":9,"minecraft:pig":7,"minecraft:zombie_villager":2,"minecraft:salmon":11,"minecraft:iron_golem":2,"minecraft:creeper":24,"minecraft:sheep":18,"minecraft:trader_llama":2,"minecraft:pillager":3,"minecraft:zombie":199,"minecraft:blaze":11,"minecraft:cow":37,"minecraft:slime":38,"minecraft:drowned":32,"minecraft:rabbit":1,"minecraft:wandering_trader":1,"minecraft:wither_skeleton":28,"minecraft:enderman":3},"minecraft:dropped":{"minecraft:dirt":13,"minecraft:gravel":2,"minecraft:stone_axe":2,"minecraft:wheat":63,"minecraft:carrot":616,"minecraft:arrow":2,"minecraft:egg":1,"minecraft:iron_ingot":8,"minecraft:wheat_seeds":1,"minecraft:cobblestone":1,"minecraft:dried_kelp":1,"minecraft:composter":1,"minecraft:filled_map":2,"minecraft:cobblestone_slab":24,"minecraft:spider_eye":1,"minecraft:sandstone":2},"minecraft:custom":{"minecraft:animals_bred":206,"minecraft:interact_with_crafting_table":242,"minecraft:leave_game":16,"minecraft:time_since_death":897497,"minecraft:sprint_one_cm":2807194,"minecraft:damage_blocked_by_shield":5366,"minecraft:drop":29,"minecraft:talked_to_villager":34,"minecraft:play_time":1193023,"minecraft:deaths":5,"minecraft:jump":14261,"minecraft:interact_with_brewingstand":15,"minecraft:walk_on_water_one_cm":312223,"minecraft:enchant_item":8,"minecraft:interact_with_furnace":255,"minecraft:traded_with_villager":18,"minecraft:sleep_in_bed":59,"minecraft:damage_dealt":67700,"minecraft:crouch_one_cm":257407,"minecraft:interact_with_smoker":47,"minecraft:inspect_dispenser":27,"minecraft:horse_one_cm":74,"minecraft:mob_kills":530,"minecraft:interact_with_anvil":26,"minecraft:inspect_hopper":8,"minecraft:climb_one_cm":12630,"minecraft:walk_one_cm":4049507,"minecraft:sneak_time":70768,"minecraft:walk_under_water_one_cm":263859,"minecraft:boat_one_cm":595600,"minecraft:total_world_time":1193023,"minecraft:time_since_rest":1348,"minecraft:damage_taken":10256,"minecraft:damage_absorbed":80,"minecraft:minecart_one_cm":798678,"minecraft:swim_one_cm":696487,"minecraft:fly_one_cm":2737750,"minecraft:open_chest":1001,"minecraft:fish_caught":24,"minecraft:fall_one_cm":261482},"minecraft:killed_by":{"minecraft:wither_skeleton":3,"minecraft:blaze":2},"minecraft:used":{"minecraft:peony":3,"minecraft:iron_shovel":993,"minecraft:dispenser":7,"minecraft:bamboo_sign":8,"minecraft:poppy":2,"minecraft:ladder":6,"minecraft:oak_sign":55,"minecraft:chest":29,"minecraft:shield":167,"minecraft:stone":1,"minecraft:iron_sword":573,"minecraft:nether_wart":40,"minecraft:rotten_flesh":8,"minecraft:iron_chestplate":8,"minecraft:soul_sand":12,"minecraft:cocoa_beans":116,"minecraft:nether_bricks":33,"minecraft:carrot":470,"minecraft:tuff":2,"minecraft:snowball":3,"minecraft:milk_bucket":3,"minecraft:obsidian":10,"minecraft:glass":85,"minecraft:lava_bucket":63,"minecraft:iron_helmet":7,"minecraft:stone_brick_stairs":2,"minecraft:stone_bricks":4,"minecraft:repeater":8,"minecraft:bow":19,"minecraft:sweet_berries":23,"minecraft:furnace":7,"minecraft:cooked_cod":8,"minecraft:potato":471,"minecraft:bamboo_trapdoor":6,"minecraft:diorite":2,"minecraft:stone_pickaxe":131,"minecraft:powered_rail":90,"minecraft:oak_planks":784,"minecraft:cactus":5,"minecraft:wooden_pickaxe":40,"minecraft:mossy_stone_brick_stairs":3,"minecraft:redstone_block":1,"minecraft:composter":11,"minecraft:sugar_cane":36,"minecraft:white_wool":5,"minecraft:golden_apple":2,"minecraft:golden_hoe":11,"minecraft:sand":12,"minecraft:bamboo_button":6,"minecraft:redstone_torch":93,"minecraft:lever":1,"minecraft:bread":10,"minecraft:lectern":2,"minecraft:gravel":39,"minecraft:lilac":12,"minecraft:golden_helmet":1,"minecraft:jungle_sign":2,"minecraft:andesite":6,"minecraft:oak_boat":25,"minecraft:bone_meal":180,"minecraft:oak_fence":99,"minecraft:oak_trapdoor":3,"minecraft:stone_sword":132,"minecraft:rose_bush":18,"minecraft:enchanting_table":1,"minecraft:flint_and_steel":6,"minecraft:stone_shovel":225,"minecraft:dried_kelp":78,"minecraft:redstone":88,"minecraft:cooked_salmon":9,"minecraft:stone_hoe":329,"minecraft:cooked_chicken":25,"minecraft:netherrack":84,"minecraft:oak_door":27,"minecraft:torch":474,"minecraft:brewing_stand":1,"minecraft:dirt":668,"minecraft:anvil":1,"minecraft:hopper":14,"minecraft:golden_chestplate":1,"minecraft:jungle_trapdoor":5,"minecraft:oak_fence_gate":1,"minecraft:bookshelf":16,"minecraft:iron_axe":1398,"minecraft:jungle_log":15,"minecraft:iron_boots":8,"minecraft:bamboo":37,"minecraft:basalt":18,"minecraft:soul_soil":16,"minecraft:minecart":28,"minecraft:observer":3,"minecraft:cobbled_deepslate":61,"minecraft:iron_leggings":4,"minecraft:bamboo_planks":218,"minecraft:pointed_dripstone":2,"minecraft:wheat_seeds":633,"minecraft:cooked_mutton":16,"minecraft:water_bucket":264,"minecraft:cobblestone_stairs":14,"minecraft:birch_planks":185,"minecraft:glass_bottle":9,"minecraft:baked_potato":165,"minecraft:cauldron":4,"minecraft:cobblestone_slab":345,"minecraft:leather_boots":2,"minecraft:comparator":2,"minecraft:rail":730,"minecraft:crafting_table":44,"minecraft:oak_slab":33,"minecraft:white_bed":20,"minecraft:smoker":2,"minecraft:oak_log":105,"minecraft:diamond_pickaxe":2831,"minecraft:oak_button":8,"minecraft:iron_pickaxe":862,"minecraft:golden_leggings":5,"minecraft:stone_axe":451,"minecraft:fishing_rod":35,"minecraft:cobblestone":1574,"minecraft:bucket":330,"minecraft:glass_pane":20,"minecraft:kelp":23,"minecraft:splash_potion":2},"minecraft:picked_up":{"minecraft:iron_chestplate":2,"minecraft:wheat":539,"minecraft:redstone_block":1,"minecraft:nether_brick_fence":4,"minecraft:lead":25,"minecraft:stone_brick_stairs":2,"minecraft:string":53,"minecraft:soul_soil":41,"minecraft:raw_copper":22,"minecraft:iron_leggings":1,"minecraft:oak_sign":41,"minecraft:gold_nugget":18,"minecraft:cobbled_deepslate":61,"minecraft:comparator":1,"minecraft:redstone_torch":42,"minecraft:rose_bush":29,"minecraft:cobblestone_slab":157,"minecraft:iron_pickaxe":3,"minecraft:melon_slice":14,"minecraft:iron_boots":2,"minecraft:furnace":5,"minecraft:golden_helmet":3,"minecraft:stick":64,"minecraft:composter":5,"minecraft:oak_fence":21,"minecraft:torch":20,"minecraft:porkchop":10,"minecraft:dried_kelp":9,"minecraft:diorite":2,"minecraft:golden_chestplate":3,"minecraft:cauldron":2,"minecraft:stone_sword":3,"minecraft:cactus":17,"minecraft:rotten_flesh":236,"minecraft:blaze_rod":8,"minecraft:obsidian":20,"minecraft:cod":14,"minecraft:iron_bars":2,"minecraft:snowball":62,"minecraft:cobblestone":2366,"minecraft:birch_log":145,"minecraft:magma_block":3,"minecraft:cooked_beef":6,"minecraft:lilac":24,"minecraft:repeater":7,"minecraft:magma_cream":1,"minecraft:jungle_log":45,"minecraft:andesite":18,"minecraft:golden_leggings":3,"minecraft:potato":1191,"minecraft:flint":10,"minecraft:tuff":6,"minecraft:dirt":840,"minecraft:lapis_lazuli":298,"minecraft:name_tag":2,"minecraft:leather_boots":2,"minecraft:bone":74,"minecraft:bow":7,"minecraft:wheat_seeds":1498,"minecraft:raw_gold":70,"minecraft:mossy_stone_bricks":1,"minecraft:bamboo":2434,"minecraft:powered_rail":33,"minecraft:honeycomb":27,"minecraft:oak_planks":170,"minecraft:mossy_stone_brick_stairs":3,"minecraft:poisonous_potato":11,"minecraft:sand":139,"minecraft:nether_brick_stairs":1,"minecraft:ink_sac":2,"minecraft:grass_block":1,"minecraft:mossy_cobblestone":50,"minecraft:dispenser":2,"minecraft:diamond":27,"minecraft:lever":1,"minecraft:golden_apple":6,"minecraft:bread":6,"minecraft:oak_sapling":80,"minecraft:netherrack":112,"minecraft:crimson_roots":1,"minecraft:cocoa_beans":306,"minecraft:crafting_table":43,"minecraft:ominous_bottle":1,"minecraft:chicken":1,"minecraft:nether_wart":149,"minecraft:chest_minecart":4,"minecraft:brown_mushroom":20,"minecraft:gold_block":2,"minecraft:shield":2,"minecraft:jungle_trapdoor":1,"minecraft:oak_trapdoor":1,"minecraft:iron_axe":3,"minecraft:beef":47,"minecraft:oak_boat":24,"minecraft:observer":2,"minecraft:poppy":8,"minecraft:minecart":28,"minecraft:lectern":1,"minecraft:chest":7,"minecraft:sugar_cane":402,"minecraft:birch_sapling":17,"minecraft:egg":18,"minecraft:raw_iron":337,"minecraft:sandstone":2,"minecraft:oak_door":22,"minecraft:copper_ingot":5,"minecraft:bowl":1,"minecraft:carrot":1083,"minecraft:redstone":570,"minecraft:jungle_sign":2,"minecraft:bamboo_button":3,"minecraft:arrow":45,"minecraft:peony":5,"minecraft:nether_bricks":38,"minecraft:saddle":1,"minecraft:mutton":29,"minecraft:rail":504,"minecraft:white_wool":42,"minecraft:basalt":24,"minecraft:glow_ink_sac":6,"minecraft:salmon":17,"minecraft:leather":36,"minecraft:music_disc_stal":1,"minecraft:red_mushroom":12,"minecraft:filled_map":3,"minecraft:birch_planks":1,"minecraft:oak_log":554,"minecraft:gunpowder":26,"minecraft:cobblestone_stairs":3,"minecraft:white_banner":1,"minecraft:apple":9,"minecraft:stone_bricks":5,"minecraft:kelp":1220,"minecraft:iron_ingot":23,"minecraft:iron_sword":2,"minecraft:soul_sand":208,"minecraft:oak_slab":11,"minecraft:bamboo_planks":8,"minecraft:pumpkin":7,"minecraft:sweet_berries":116,"minecraft:quartz":35,"minecraft:gravel":112,"minecraft:white_bed":11,"minecraft:spider_eye":9,"minecraft:slime_ball":26,"minecraft:stone_axe":3,"minecraft:iron_helmet":2,"minecraft:gray_wool":3,"minecraft:oak_button":5,"minecraft:baked_potato":4,"minecraft:coal":131,"minecraft:hopper":6,"minecraft:ender_pearl":1}},"DataVersion":3953}