{"stats":{"minecraft:mined":{"minecraft:diamond_ore":1,"minecraft:tuff":1,"minecraft:white_bed":2,"minecraft:mossy_cobblestone":2,"minecraft:deepslate_diamond_ore":15,"minecraft:oak_door":16,"minecraft:cobblestone_stairs":3,"minecraft:jungle_leaves":7,"minecraft:obsidian":20,"minecraft:nether_bricks":35,"minecraft:grass_block":205,"minecraft:jungle_log":35,"minecraft:soul_soil":16,"minecraft:spruce_leaves":2,"minecraft:composter":1,"minecraft:kelp":14,"minecraft:nether_wart":20,"minecraft:sandstone":2,"minecraft:tall_seagrass":6,"minecraft:magma_block":3,"minecraft:redstone_ore":1,"minecraft:furnace":2,"minecraft:carrots":67,"minecraft:iron_ore":93,"minecraft:fire":8,"minecraft:snow":8,"minecraft:pumpkin":7,"minecraft:deepslate_lapis_ore":16,"minecraft:gold_block":2,"minecraft:nether_brick_fence":2,"minecraft:mossy_stone_brick_stairs":3,"minecraft:vine":10,"minecraft:potatoes":148,"minecraft:deepslate_iron_ore":52,"minecraft:rail":186,"minecraft:iron_bars":2,"minecraft:bamboo":108,"minecraft:stone":265,"minecraft:white_wool":4,"minecraft:deepslate_redstone_ore":54,"minecraft:soul_sand":128,"minecraft:kelp_plant":64,"minecraft:snow_block":14,"minecraft:soul_fire":3,"minecraft:basalt":22,"minecraft:powder_snow":15,"minecraft:oak_fence":12,"minecraft:crafting_table":14,"minecraft:torch":2,"minecraft:short_grass":38,"minecraft:melon":3,"minecraft:nether_quartz_ore":3,"minecraft:copper_ore":7,"minecraft:cobblestone":13,"minecraft:deepslate_gold_ore":25,"minecraft:sugar_cane":50,"minecraft:oak_planks":22,"minecraft:seagrass":7,"minecraft:birch_log":58,"minecraft:wheat":80,"minecraft:birch_leaves":9,"minecraft:stone_brick_stairs":2,"minecraft:coal_ore":58,"minecraft:oak_log":334,"minecraft:cocoa":3,"minecraft:gravel":33,"minecraft:sand":99,"minecraft:dirt":108,"minecraft:cracked_stone_bricks":1,"minecraft:cobweb":2,"minecraft:stone_bricks":5,"minecraft:netherrack":45,"minecraft:gold_ore":4,"minecraft:mossy_stone_bricks":2,"minecraft:oak_leaves":103,"minecraft:deepslate":26,"minecraft:suspicious_gravel":1},"minecraft:crafted":{"minecraft:oak_door":3,"minecraft:oak_planks":804,"minecraft:raw_iron":81,"minecraft:stone_shovel":2,"minecraft:fishing_rod":1,"minecraft:furnace":2,"minecraft:cobblestone_stairs":8,"minecraft:bone_meal":72,"minecraft:bookshelf":1,"minecraft:cooked_mutton":16,"minecraft:glass_pane":32,"minecraft:glass":100,"minecraft:bamboo_block":74,"minecraft:bow":1,"minecraft:iron_boots":2,"minecraft:iron_axe":4,"minecraft:ladder":3,"minecraft:stone_pickaxe":1,"minecraft:chest":7,"minecraft:redstone_block":29,"minecraft:dried_kelp_block":34,"minecraft:stone_hoe":2,"minecraft:oak_fence":81,"minecraft:raw_iron_block":9,"minecraft:cooked_cod":8,"minecraft:oak_slab":36,"minecraft:cauldron":1,"minecraft:crafting_table":2,"minecraft:enchanting_table":1,"minecraft:wooden_pickaxe":1,"minecraft:dried_kelp":378,"minecraft:baked_potato":172,"minecraft:iron_helmet":2,"minecraft:iron_sword":1,"minecraft:cooked_salmon":5,"minecraft:bucket":2,"minecraft:brewing_stand":1,"minecraft:stone_axe":4,"minecraft:bread":8,"minecraft:air":0,"minecraft:oak_fence_gate":1,"minecraft:oak_boat":2,"minecraft:bamboo_planks":4,"minecraft:charcoal":3,"minecraft:book":2,"minecraft:iron_chestplate":2,"minecraft:paper":6,"minecraft:diamond_pickaxe":1,"minecraft:shield":2,"minecraft:stick":104,"minecraft:snow_block":15,"minecraft:iron_ingot":153,"minecraft:iron_pickaxe":3,"minecraft:iron_block":4,"minecraft:stone_sword":2,"minecraft:gold_ingot":1,"minecraft:iron_shovel":2,"minecraft:iron_leggings":2,"minecraft:anvil":1,"minecraft:white_bed":2,"minecraft:composter":3,"minecraft:torch":196,"minecraft:shears":1,"minecraft:lapis_block":12},"minecraft:broken":{"minecraft:stone_sword":1,"minecraft:stone_hoe":1,"minecraft:stone_pickaxe":1,"minecraft:iron_axe":1,"minecraft:stone_axe":3,"minecraft:iron_pickaxe":1,"minecraft:stone_shovel":1},"minecraft:killed":{"minecraft:cave_spider":1,"minecraft:zombified_piglin":1,"minecraft:spider":13,"minecraft:cod":1,"minecraft:skeleton":19,"minecraft:drowned":27,"minecraft:pig":7,"minecraft:zombie_villager":1,"minecraft:wandering_trader":1,"minecraft:creeper":11,"minecraft:sheep":16,"minecraft:zombie":54,"minecraft:wither_skeleton":20,"minecraft:blaze":6,"minecraft:enderman":2,"minecraft:cow":3},"minecraft:custom":{"minecraft:mob_kills":189,"minecraft:interact_with_anvil":4,"minecraft:animals_bred":8,"minecraft:interact_with_crafting_table":85,"minecraft:leave_game":11,"minecraft:time_since_death":108023,"minecraft:climb_one_cm":2003,"minecraft:sprint_one_cm":1041725,"minecraft:walk_one_cm":1406894,"minecraft:damage_blocked_by_shield":2407,"minecraft:drop":11,"minecraft:talked_to_villager":2,"minecraft:play_time":403549,"minecraft:deaths":5,"minecraft:sneak_time":15904,"minecraft:walk_under_water_one_cm":125524,"minecraft:boat_one_cm":473427,"minecraft:jump":4578,"minecraft:walk_on_water_one_cm":82894,"minecraft:total_world_time":403549,"minecraft:interact_with_furnace":139,"minecraft:sleep_in_bed":14,"minecraft:time_since_rest":21083,"minecraft:damage_taken":5671,"minecraft:damage_absorbed":80,"minecraft:damage_dealt":33861,"minecraft:swim_one_cm":449401,"minecraft:fly_one_cm":768313,"minecraft:open_chest":195,"minecraft:crouch_one_cm":41107,"minecraft:fish_caught":17,"minecraft:fall_one_cm":87985},"minecraft:dropped":{"minecraft:wheat_seeds":1,"minecraft:dirt":13,"minecraft:dried_kelp":1,"minecraft:gravel":2,"minecraft:stone_axe":2,"minecraft:filled_map":2,"minecraft:spider_eye":1,"minecraft:sandstone":2,"minecraft:arrow":2},"minecraft:killed_by":{"minecraft:wither_skeleton":3,"minecraft:blaze":2},"minecraft:used":{"minecraft:oak_fence":83,"minecraft:enchanting_table":1,"minecraft:stone_sword":132,"minecraft:iron_shovel":311,"minecraft:flint_and_steel":1,"minecraft:stone_shovel":225,"minecraft:dried_kelp":78,"minecraft:ladder":2,"minecraft:chest":7,"minecraft:shield":66,"minecraft:iron_sword":134,"minecraft:rotten_flesh":8,"minecraft:cooked_salmon":9,"minecraft:stone_hoe":247,"minecraft:netherrack":39,"minecraft:oak_door":19,"minecraft:iron_chestplate":4,"minecraft:torch":209,"minecraft:brewing_stand":1,"minecraft:dirt":272,"minecraft:anvil":1,"minecraft:nether_bricks":33,"minecraft:carrot":149,"minecraft:golden_chestplate":1,"minecraft:snowball":3,"minecraft:oak_fence_gate":1,"minecraft:obsidian":10,"minecraft:lava_bucket":21,"minecraft:bookshelf":1,"minecraft:iron_axe":493,"minecraft:iron_helmet":4,"minecraft:iron_boots":5,"minecraft:stone_brick_stairs":2,"minecraft:stone_bricks":4,"minecraft:bamboo":20,"minecraft:basalt":18,"minecraft:soul_soil":16,"minecraft:furnace":4,"minecraft:cooked_cod":8,"minecraft:potato":228,"minecraft:cobbled_deepslate":32,"minecraft:iron_leggings":3,"minecraft:cooked_mutton":16,"minecraft:wheat_seeds":160,"minecraft:water_bucket":137,"minecraft:cobblestone_stairs":11,"minecraft:stone_pickaxe":131,"minecraft:baked_potato":36,"minecraft:oak_planks":445,"minecraft:mossy_stone_brick_stairs":3,"minecraft:wooden_pickaxe":40,"minecraft:composter":4,"minecraft:sugar_cane":9,"minecraft:leather_boots":2,"minecraft:white_wool":4,"minecraft:golden_apple":2,"minecraft:rail":7,"minecraft:oak_slab":15,"minecraft:crafting_table":14,"minecraft:white_bed":4,"minecraft:oak_log":105,"minecraft:diamond_pickaxe":119,"minecraft:bread":10,"minecraft:iron_pickaxe":694,"minecraft:gravel":3,"minecraft:golden_leggings":3,"minecraft:stone_axe":451,"minecraft:golden_helmet":1,"minecraft:fishing_rod":25,"minecraft:cobblestone":89,"minecraft:bucket":160,"minecraft:glass_pane":12,"minecraft:oak_boat":12,"minecraft:bone_meal":69},"minecraft:picked_up":{"minecraft:cocoa_beans":9,"minecraft:crafting_table":14,"minecraft:iron_chestplate":2,"minecraft:wheat":86,"minecraft:nether_wart":29,"minecraft:nether_brick_fence":4,"minecraft:chest_minecart":4,"minecraft:lead":16,"minecraft:gold_block":2,"minecraft:stone_brick_stairs":2,"minecraft:shield":2,"minecraft:string":18,"minecraft:soul_soil":20,"minecraft:raw_copper":22,"minecraft:iron_axe":3,"minecraft:iron_leggings":1,"minecraft:cobbled_deepslate":32,"minecraft:beef":4,"minecraft:oak_boat":12,"minecraft:iron_pickaxe":3,"minecraft:melon_slice":14,"minecraft:sugar_cane":75,"minecraft:birch_sapling":17,"minecraft:egg":5,"minecraft:iron_boots":2,"minecraft:furnace":2,"minecraft:golden_helmet":3,"minecraft:stick":57,"minecraft:raw_iron":144,"minecraft:sandstone":2,"minecraft:oak_door":17,"minecraft:oak_fence":12,"minecraft:composter":1,"minecraft:copper_ingot":4,"minecraft:torch":3,"minecraft:porkchop":9,"minecraft:dried_kelp":9,"minecraft:carrot":242,"minecraft:redstone":257,"minecraft:golden_chestplate":3,"minecraft:stone_sword":3,"minecraft:arrow":18,"minecraft:rotten_flesh":66,"minecraft:nether_bricks":37,"minecraft:snowball":62,"minecraft:blaze_rod":4,"minecraft:iron_bars":2,"minecraft:obsidian":20,"minecraft:mutton":27,"minecraft:cod":10,"minecraft:rail":189,"minecraft:white_wool":22,"minecraft:cobblestone":589,"minecraft:birch_log":58,"minecraft:magma_block":3,"minecraft:basalt":24,"minecraft:jungle_log":35,"minecraft:salmon":7,"minecraft:leather":2,"minecraft:golden_leggings":3,"minecraft:potato":403,"minecraft:filled_map":1,"minecraft:flint":2,"minecraft:tuff":4,"minecraft:oak_log":333,"minecraft:gunpowder":11,"minecraft:cobblestone_stairs":3,"minecraft:lapis_lazuli":111,"minecraft:dirt":335,"minecraft:name_tag":2,"minecraft:leather_boots":2,"minecraft:bone":39,"minecraft:stone_bricks":5,"minecraft:apple":6,"minecraft:kelp":537,"minecraft:bow":4,"minecraft:wheat_seeds":233,"minecraft:raw_gold":29,"minecraft:mossy_stone_bricks":1,"minecraft:bamboo":692,"minecraft:mossy_stone_brick_stairs":3,"minecraft:oak_planks":106,"minecraft:iron_sword":2,"minecraft:soul_sand":119,"minecraft:pumpkin":7,"minecraft:quartz":3,"minecraft:gravel":25,"minecraft:sand":100,"minecraft:white_bed":2,"minecraft:spider_eye":3,"minecraft:mossy_cobblestone":2,"minecraft:diamond":16,"minecraft:stone_axe":3,"minecraft:iron_helmet":2,"minecraft:golden_apple":6,"minecraft:gray_wool":3,"minecraft:bread":6,"minecraft:oak_sapling":71,"minecraft:baked_potato":4,"minecraft:netherrack":47,"minecraft:coal":64}},"DataVersion":3953}