{"stats":{"minecraft:mined":{"minecraft:white_bed":21,"minecraft:farmland":1,"minecraft:cobblestone_stairs":3,"minecraft:jungle_leaves":7,"minecraft:obsidian":20,"minecraft:granite":10,"minecraft:grass_block":439,"minecraft:jungle_log":45,"minecraft:soul_soil":39,"minecraft:composter":13,"minecraft:hopper":9,"minecraft:oak_wall_sign":19,"minecraft:nether_wart":90,"minecraft:tall_seagrass":11,"minecraft:magma_block":3,"minecraft:iron_ore":214,"minecraft:fire":20,"minecraft:pumpkin":7,"minecraft:deepslate_lapis_ore":37,"minecraft:anvil":1,"minecraft:nether_brick_stairs":1,"minecraft:enchanting_table":2,"minecraft:oak_sign":2,"minecraft:iron_bars":2,"minecraft:birch_wall_sign":1,"minecraft:jungle_trapdoor":4,"minecraft:deepslate_redstone_ore":95,"minecraft:brown_mushroom":4,"minecraft:kelp_plant":132,"minecraft:soul_fire":21,"minecraft:powder_snow":15,"minecraft:torch":9,"minecraft:poppy":5,"minecraft:melon":3,"minecraft:chest":11,"minecraft:mushroom_stem":17,"minecraft:nether_quartz_ore":30,"minecraft:glass":2,"minecraft:cobblestone":825,"minecraft:sugar_cane":592,"minecraft:oak_planks":386,"minecraft:wall_torch":40,"minecraft:cauldron":2,"minecraft:seagrass":13,"minecraft:repeater":13,"minecraft:powered_rail":33,"minecraft:bamboo_planks":78,"minecraft:birch_log":146,"minecraft:wheat":781,"minecraft:lilac":26,"minecraft:stone_brick_stairs":2,"minecraft:oak_log":577,"minecraft:sand":139,"minecraft:birch_button":6,"minecraft:dirt":437,"minecraft:red_mushroom_block":41,"minecraft:dispenser":4,"minecraft:netherrack":167,"minecraft:piston":4,"minecraft:oak_leaves":131,"minecraft:deepslate":42,"minecraft:suspicious_gravel":1,"minecraft:nether_gold_ore":3,"minecraft:diamond_ore":4,"minecraft:tuff":3,"minecraft:mossy_cobblestone":48,"minecraft:dark_oak_leaves":1,"minecraft:deepslate_diamond_ore":23,"minecraft:oak_door":23,"minecraft:lever":1,"minecraft:nether_bricks":36,"minecraft:crimson_roots":1,"minecraft:redstone_wire":143,"minecraft:brown_mushroom_block":45,"minecraft:birch_slab":3,"minecraft:spruce_leaves":4,"minecraft:kelp":50,"minecraft:sandstone":2,"minecraft:redstone_ore":15,"minecraft:oak_trapdoor":1,"minecraft:furnace":5,"minecraft:carrots":549,"minecraft:snow":8,"minecraft:andesite":95,"minecraft:peony":6,"minecraft:gold_block":2,"minecraft:nether_brick_fence":2,"minecraft:mossy_stone_brick_stairs":3,"minecraft:bookshelf":21,"minecraft:potatoes":627,"minecraft:cobblestone_slab":210,"minecraft:deepslate_iron_ore":123,"minecraft:vine":10,"minecraft:rail":504,"minecraft:bamboo":316,"minecraft:stone":2415,"minecraft:white_wool":5,"minecraft:redstone_wall_torch":4,"minecraft:oak_slab":12,"minecraft:redstone_block":1,"minecraft:comparator":1,"minecraft:soul_sand":274,"minecraft:snow_block":14,"minecraft:basalt":40,"minecraft:observer":14,"minecraft:oak_fence":38,"minecraft:crafting_table":45,"minecraft:short_grass":54,"minecraft:rose_bush":28,"minecraft:bamboo_button":1,"minecraft:lectern":3,"minecraft:copper_ore":7,"minecraft:tall_grass":8,"minecraft:deepslate_coal_ore":6,"minecraft:deepslate_gold_ore":59,"minecraft:lapis_ore":10,"minecraft:diorite":19,"minecraft:birch_planks":1,"minecraft:cactus":3,"minecraft:redstone_torch":13,"minecraft:sweet_berry_bush":1,"minecraft:birch_leaves":11,"minecraft:coal_ore":154,"minecraft:cocoa":108,"minecraft:gravel":191,"minecraft:cobweb":35,"minecraft:cracked_stone_bricks":1,"minecraft:oak_button":4,"minecraft:stone_bricks":5,"minecraft:mossy_stone_bricks":2,"minecraft:gold_ore":9,"minecraft:jungle_wall_sign":1},"minecraft:crafted":{"minecraft:oak_planks":1780,"minecraft:cobblestone_slab":288,"minecraft:oak_sign":48,"minecraft:cactus":1,"minecraft:blaze_powder":2,"minecraft:cooked_chicken":20,"minecraft:birch_slab":24,"minecraft:cobblestone_stairs":12,"minecraft:stone":117,"minecraft:lever":3,"minecraft:bookshelf":22,"minecraft:cooked_mutton":16,"minecraft:bamboo_block":312,"minecraft:glass":120,"minecraft:hopper":19,"minecraft:repeater":8,"minecraft:bow":4,"minecraft:iron_boots":3,"minecraft:comparator":1,"minecraft:chest":49,"minecraft:oak_button":3,"minecraft:rail":208,"minecraft:dried_kelp_block":120,"minecraft:birch_button":3,"minecraft:stone_hoe":3,"minecraft:oak_fence":81,"minecraft:raw_iron_block":26,"minecraft:smoker":2,"minecraft:glass_bottle":15,"minecraft:oak_slab":78,"minecraft:emerald":48,"minecraft:arrow":96,"minecraft:cauldron":3,"minecraft:crafting_table":9,"minecraft:wooden_pickaxe":1,"minecraft:baked_potato":368,"minecraft:iron_helmet":3,"minecraft:raw_gold_block":1,"minecraft:birch_planks":252,"minecraft:brewing_stand":2,"minecraft:dispenser":5,"minecraft:bamboo_planks":578,"minecraft:lectern":1,"minecraft:charcoal":3,"minecraft:book":71,"minecraft:iron_chestplate":2,"minecraft:paper":258,"minecraft:diamond_pickaxe":3,"minecraft:shield":3,"minecraft:stick":392,"minecraft:iron_ingot":441,"minecraft:iron_pickaxe":6,"minecraft:iron_block":80,"minecraft:stone_sword":3,"minecraft:snow_block":15,"minecraft:gold_ingot":82,"minecraft:redstone_torch":75,"minecraft:composter":10,"minecraft:shears":2,"minecraft:jungle_sign":3,"minecraft:oak_door":6,"minecraft:redstone":405,"minecraft:raw_iron":234,"minecraft:stone_shovel":2,"minecraft:fishing_rod":1,"minecraft:beehive":6,"minecraft:pointed_dripstone":2,"minecraft:furnace":7,"minecraft:bamboo_button":4,"minecraft:piston":28,"minecraft:bamboo_sign":9,"minecraft:jungle_trapdoor":2,"minecraft:bone_meal":216,"minecraft:glass_pane":32,"minecraft:oak_trapdoor":2,"minecraft:flint_and_steel":1,"minecraft:scaffolding":168,"minecraft:iron_axe":9,"minecraft:ladder":6,"minecraft:stone_pickaxe":1,"minecraft:redstone_block":60,"minecraft:birch_sign":3,"minecraft:minecart":3,"minecraft:observer":31,"minecraft:cooked_beef":35,"minecraft:sugar":3,"minecraft:cooked_cod":8,"minecraft:enchanting_table":1,"minecraft:dried_kelp":1050,"minecraft:powered_rail":54,"minecraft:iron_sword":3,"minecraft:cooked_salmon":5,"minecraft:bucket":6,"minecraft:stone_axe":4,"minecraft:bread":8,"minecraft:air":0,"minecraft:jungle_planks":76,"minecraft:oak_fence_gate":1,"minecraft:oak_boat":5,"minecraft:white_wool":7,"minecraft:golden_apple":2,"minecraft:fermented_spider_eye":3,"minecraft:birch_trapdoor":4,"minecraft:iron_shovel":4,"minecraft:iron_leggings":3,"minecraft:anvil":3,"minecraft:white_bed":16,"minecraft:torch":468,"minecraft:bamboo_trapdoor":6,"minecraft:lapis_lazuli":9,"minecraft:lapis_block":24},"minecraft:broken":{"minecraft:iron_boots":1,"minecraft:golden_leggings":1,"minecraft:stone_pickaxe":1,"minecraft:stone_axe":3,"minecraft:iron_sword":1,"minecraft:stone_shovel":1,"minecraft:stone_sword":1,"minecraft:stone_hoe":1,"minecraft:iron_axe":2,"minecraft:iron_pickaxe":1,"minecraft:iron_helmet":1},"minecraft:killed":{"minecraft:cave_spider":1,"minecraft:zombified_piglin":1,"minecraft:spider":41,"minecraft:cod":1,"minecraft:skeleton":54,"minecraft:chicken":1,"minecraft:magma_cube":9,"minecraft:pig":8,"minecraft:zombie_villager":2,"minecraft:salmon":11,"minecraft:iron_golem":3,"minecraft:creeper":25,"minecraft:sheep":18,"minecraft:trader_llama":2,"minecraft:pillager":3,"minecraft:zombie":992,"minecraft:blaze":22,"minecraft:cow":37,"minecraft:slime":38,"minecraft:drowned":62,"minecraft:rabbit":1,"minecraft:wandering_trader":1,"minecraft:wither_skeleton":32,"minecraft:villager":7,"minecraft:enderman":3},"minecraft:dropped":{"minecraft:baked_potato":26,"minecraft:cod":1,"minecraft:dirt":14,"minecraft:stone_axe":2,"minecraft:gravel":3,"minecraft:bone":1,"minecraft:wheat":143,"minecraft:rotten_flesh":64,"minecraft:carrot":828,"minecraft:birch_button":3,"minecraft:arrow":2,"minecraft:egg":1,"minecraft:iron_ingot":8,"minecraft:wheat_seeds":1,"minecraft:cobblestone":1,"minecraft:dried_kelp":1,"minecraft:string":1,"minecraft:composter":1,"minecraft:filled_map":2,"minecraft:cobblestone_slab":26,"minecraft:potato":228,"minecraft:oak_button":1,"minecraft:spider_eye":1,"minecraft:sandstone":2},"minecraft:custom":{"minecraft:animals_bred":258,"minecraft:interact_with_crafting_table":314,"minecraft:leave_game":23,"minecraft:time_since_death":179820,"minecraft:sprint_one_cm":3469885,"minecraft:damage_blocked_by_shield":7071,"minecraft:drop":51,"minecraft:talked_to_villager":73,"minecraft:play_time":1708373,"minecraft:deaths":6,"minecraft:jump":18715,"minecraft:interact_with_brewingstand":18,"minecraft:walk_on_water_one_cm":514343,"minecraft:enchant_item":15,"minecraft:interact_with_furnace":295,"minecraft:traded_with_villager":50,"minecraft:sleep_in_bed":88,"minecraft:damage_dealt":81559,"minecraft:crouch_one_cm":322155,"minecraft:interact_with_smoker":100,"minecraft:use_cauldron":9,"minecraft:inspect_dispenser":36,"minecraft:horse_one_cm":74,"minecraft:mob_kills":1388,"minecraft:interact_with_anvil":51,"minecraft:inspect_hopper":72,"minecraft:climb_one_cm":15825,"minecraft:walk_one_cm":5441141,"minecraft:sneak_time":96101,"minecraft:walk_under_water_one_cm":406540,"minecraft:boat_one_cm":595600,"minecraft:total_world_time":1708373,"minecraft:time_since_rest":20600,"minecraft:damage_taken":12293,"minecraft:damage_absorbed":80,"minecraft:minecart_one_cm":1280308,"minecraft:swim_one_cm":871753,"minecraft:fly_one_cm":3386685,"minecraft:open_chest":1684,"minecraft:fish_caught":63,"minecraft:fall_one_cm":332940},"minecraft:killed_by":{"minecraft:wither_skeleton":4,"minecraft:blaze":2},"minecraft:used":{"minecraft:peony":4,"minecraft:iron_shovel":1155,"minecraft:dispenser":9,"minecraft:poppy":7,"minecraft:bamboo_sign":10,"minecraft:ladder":6,"minecraft:oak_sign":91,"minecraft:chest":41,"minecraft:shield":218,"minecraft:stone":1,"minecraft:iron_sword":834,"minecraft:nether_wart":60,"minecraft:rotten_flesh":8,"minecraft:iron_chestplate":8,"minecraft:soul_sand":33,"minecraft:cocoa_beans":128,"minecraft:nether_bricks":33,"minecraft:carrot":717,"minecraft:tuff":2,"minecraft:snowball":3,"minecraft:milk_bucket":6,"minecraft:honey_bottle":2,"minecraft:obsidian":10,"minecraft:glass":93,"minecraft:lava_bucket":80,"minecraft:iron_helmet":8,"minecraft:stone_brick_stairs":2,"minecraft:stone_bricks":4,"minecraft:birch_button":12,"minecraft:repeater":22,"minecraft:bow":59,"minecraft:sweet_berries":23,"minecraft:furnace":7,"minecraft:cooked_cod":8,"minecraft:egg":1,"minecraft:potato":711,"minecraft:diorite":14,"minecraft:bamboo_trapdoor":6,"minecraft:stone_pickaxe":131,"minecraft:powered_rail":90,"minecraft:oak_planks":1058,"minecraft:cactus":5,"minecraft:wooden_pickaxe":40,"minecraft:mossy_stone_brick_stairs":3,"minecraft:redstone_block":1,"minecraft:composter":20,"minecraft:sugar_cane":50,"minecraft:white_wool":5,"minecraft:golden_apple":2,"minecraft:golden_hoe":11,"minecraft:sand":12,"minecraft:bamboo_button":8,"minecraft:redstone_torch":94,"minecraft:lever":3,"minecraft:bread":10,"minecraft:birch_slab":5,"minecraft:lectern":4,"minecraft:gravel":51,"minecraft:lilac":12,"minecraft:golden_helmet":1,"minecraft:jungle_sign":6,"minecraft:andesite":8,"minecraft:oak_boat":25,"minecraft:bone_meal":216,"minecraft:oak_fence":100,"minecraft:oak_trapdoor":3,"minecraft:stone_sword":199,"minecraft:rose_bush":18,"minecraft:enchanting_table":3,"minecraft:flint_and_steel":7,"minecraft:stone_shovel":225,"minecraft:dried_kelp":78,"minecraft:redstone":326,"minecraft:cooked_salmon":9,"minecraft:stone_hoe":330,"minecraft:cooked_chicken":40,"minecraft:netherrack":131,"minecraft:oak_door":29,"minecraft:torch":600,"minecraft:brewing_stand":2,"minecraft:anvil":4,"minecraft:dirt":796,"minecraft:hopper":28,"minecraft:golden_chestplate":1,"minecraft:jungle_trapdoor":5,"minecraft:oak_fence_gate":1,"minecraft:bookshelf":42,"minecraft:iron_axe":2007,"minecraft:jungle_log":15,"minecraft:iron_boots":9,"minecraft:bamboo":62,"minecraft:basalt":31,"minecraft:soul_soil":16,"minecraft:minecart":38,"minecraft:observer":42,"minecraft:iron_leggings":4,"minecraft:cobbled_deepslate":61,"minecraft:bamboo_planks":378,"minecraft:pointed_dripstone":2,"minecraft:wheat_seeds":870,"minecraft:cooked_mutton":16,"minecraft:water_bucket":341,"minecraft:cobblestone_stairs":14,"minecraft:birch_planks":185,"minecraft:glass_bottle":9,"minecraft:baked_potato":211,"minecraft:cauldron":4,"minecraft:cobblestone_slab":461,"minecraft:leather_boots":3,"minecraft:mossy_cobblestone":48,"minecraft:comparator":2,"minecraft:rail":730,"minecraft:crafting_table":48,"minecraft:oak_slab":35,"minecraft:birch_sign":4,"minecraft:white_bed":30,"minecraft:smoker":2,"minecraft:oak_log":105,"minecraft:diamond_pickaxe":3361,"minecraft:piston":28,"minecraft:oak_button":9,"minecraft:iron_pickaxe":1855,"minecraft:golden_leggings":5,"minecraft:stone_axe":451,"minecraft:fishing_rod":104,"minecraft:cobblestone":2242,"minecraft:bucket":434,"minecraft:glass_pane":22,"minecraft:kelp":42,"minecraft:splash_potion":2},"minecraft:picked_up":{"minecraft:iron_chestplate":3,"minecraft:wheat":768,"minecraft:redstone_block":1,"minecraft:nether_brick_fence":4,"minecraft:anvil":1,"minecraft:lead":25,"minecraft:birch_button":12,"minecraft:stone_brick_stairs":2,"minecraft:string":87,"minecraft:raw_copper":25,"minecraft:soul_soil":41,"minecraft:iron_leggings":2,"minecraft:pufferfish":6,"minecraft:oak_sign":57,"minecraft:gold_nugget":18,"minecraft:cobbled_deepslate":61,"minecraft:comparator":1,"minecraft:bucket":4,"minecraft:redstone_torch":43,"minecraft:rose_bush":29,"minecraft:cobblestone_slab":239,"minecraft:iron_pickaxe":3,"minecraft:melon_slice":14,"minecraft:iron_boots":2,"minecraft:furnace":5,"minecraft:golden_helmet":3,"minecraft:stick":67,"minecraft:composter":14,"minecraft:oak_fence":36,"minecraft:torch":125,"minecraft:porkchop":11,"minecraft:dried_kelp":11,"minecraft:diorite":19,"minecraft:golden_chestplate":3,"minecraft:cauldron":2,"minecraft:stone_sword":3,"minecraft:cactus":17,"minecraft:rotten_flesh":556,"minecraft:bookshelf":21,"minecraft:blaze_rod":10,"minecraft:obsidian":20,"minecraft:cod":37,"minecraft:iron_bars":2,"minecraft:snowball":62,"minecraft:cobblestone":3515,"minecraft:nautilus_shell":1,"minecraft:birch_log":145,"minecraft:enchanting_table":2,"minecraft:jungle_log":45,"minecraft:magma_block":3,"minecraft:cooked_beef":9,"minecraft:feather":335,"minecraft:lilac":24,"minecraft:magma_cream":1,"minecraft:repeater":16,"minecraft:birch_slab":3,"minecraft:water_bucket":1,"minecraft:andesite":95,"minecraft:golden_leggings":3,"minecraft:potato":2087,"minecraft:flint":26,"minecraft:tuff":6,"minecraft:dirt":940,"minecraft:lapis_lazuli":404,"minecraft:name_tag":2,"minecraft:leather_boots":3,"minecraft:bone":91,"minecraft:bow":9,"minecraft:wheat_seeds":2108,"minecraft:raw_gold":70,"minecraft:mossy_stone_bricks":1,"minecraft:bamboo":3265,"minecraft:powered_rail":35,"minecraft:honeycomb":27,"minecraft:oak_planks":432,"minecraft:mossy_stone_brick_stairs":3,"minecraft:poisonous_potato":15,"minecraft:sand":139,"minecraft:nether_brick_stairs":1,"minecraft:ink_sac":2,"minecraft:grass_block":1,"minecraft:mossy_cobblestone":50,"minecraft:dispenser":4,"minecraft:diamond":27,"minecraft:lever":1,"minecraft:granite":10,"minecraft:golden_apple":6,"minecraft:bread":6,"minecraft:oak_sapling":80,"minecraft:netherrack":186,"minecraft:crimson_roots":1,"minecraft:cocoa_beans":339,"minecraft:crafting_table":45,"minecraft:ominous_bottle":1,"minecraft:chicken":2,"minecraft:nether_wart":198,"minecraft:chest_minecart":4,"minecraft:brown_mushroom":20,"minecraft:gold_block":2,"minecraft:shield":3,"minecraft:jungle_trapdoor":1,"minecraft:oak_trapdoor":1,"minecraft:iron_axe":3,"minecraft:flint_and_steel":1,"minecraft:iron_shovel":1,"minecraft:beef":47,"minecraft:oak_boat":24,"minecraft:observer":14,"minecraft:poppy":12,"minecraft:minecart":38,"minecraft:lectern":3,"minecraft:chest":10,"minecraft:sugar_cane":732,"minecraft:birch_sapling":17,"minecraft:piston":4,"minecraft:egg":19,"minecraft:raw_iron":337,"minecraft:sandstone":2,"minecraft:oak_door":24,"minecraft:copper_ingot":7,"minecraft:bowl":3,"minecraft:carrot":1960,"minecraft:redstone":703,"minecraft:jungle_sign":2,"minecraft:bamboo_button":5,"minecraft:arrow":49,"minecraft:bamboo_sign":1,"minecraft:peony":6,"minecraft:nether_bricks":38,"minecraft:saddle":1,"minecraft:mutton":29,"minecraft:rail":508,"minecraft:white_wool":48,"minecraft:basalt":40,"minecraft:glow_ink_sac":6,"minecraft:salmon":28,"minecraft:leather":44,"minecraft:music_disc_stal":1,"minecraft:red_mushroom":12,"minecraft:filled_map":3,"minecraft:birch_planks":1,"minecraft:oak_log":582,"minecraft:gunpowder":28,"minecraft:cobblestone_stairs":3,"minecraft:white_banner":1,"minecraft:apple":10,"minecraft:stone_bricks":5,"minecraft:kelp":1270,"minecraft:iron_ingot":43,"minecraft:cooked_chicken":45,"minecraft:iron_sword":2,"minecraft:soul_sand":237,"minecraft:oak_slab":12,"minecraft:bamboo_planks":77,"minecraft:pumpkin":7,"minecraft:sweet_berries":116,"minecraft:quartz":35,"minecraft:gravel":158,"minecraft:white_bed":21,"minecraft:spider_eye":10,"minecraft:slime_ball":26,"minecraft:stone_axe":3,"minecraft:short_grass":2,"minecraft:iron_helmet":3,"minecraft:birch_sign":2,"minecraft:gray_wool":3,"minecraft:oak_button":7,"minecraft:baked_potato":88,"minecraft:coal":180,"minecraft:hopper":9,"minecraft:ender_pearl":1}},"DataVersion":3953}