{"stats":{"minecraft:mined":{"minecraft:white_bed":27,"minecraft:jungle_leaves":7,"minecraft:obsidian":20,"minecraft:granite":21,"minecraft:acacia_log":10,"minecraft:jungle_log":45,"minecraft:chiseled_tuff_bricks":6,"minecraft:crimson_fungus":1,"minecraft:hopper":11,"minecraft:oak_wall_sign":19,"minecraft:nether_wart":140,"minecraft:tall_seagrass":11,"minecraft:magma_block":21,"minecraft:fire":146,"minecraft:barrel":3,"minecraft:cobbled_deepslate":9,"minecraft:pumpkin":7,"minecraft:deepslate_lapis_ore":44,"minecraft:nether_brick_stairs":1,"minecraft:enchanting_table":2,"minecraft:oak_sign":2,"minecraft:small_amethyst_bud":1,"minecraft:jungle_trapdoor":4,"minecraft:brown_mushroom":4,"minecraft:red_bed":1,"minecraft:kelp_plant":132,"minecraft:crimson_nylium":2,"minecraft:amethyst_cluster":2,"minecraft:soul_fire":44,"minecraft:powder_snow":15,"minecraft:torch":12,"minecraft:melon":3,"minecraft:glass":3,"minecraft:sugar_cane":852,"minecraft:amethyst_block":2,"minecraft:repeater":13,"minecraft:bamboo_planks":80,"minecraft:wheat":1104,"minecraft:lilac":26,"minecraft:waxed_copper_block":5,"minecraft:stone_brick_stairs":2,"minecraft:birch_button":6,"minecraft:smooth_basalt":1,"minecraft:red_mushroom_block":41,"minecraft:piston":4,"minecraft:suspicious_gravel":1,"minecraft:deepslate":287,"minecraft:mossy_cobblestone":48,"minecraft:nether_bricks":36,"minecraft:crimson_roots":8,"minecraft:redstone_wire":162,"minecraft:kelp":50,"minecraft:redstone_ore":15,"minecraft:waxed_copper_grate":3,"minecraft:snow":8,"minecraft:andesite":138,"minecraft:chiseled_tuff":1,"minecraft:mossy_stone_brick_stairs":3,"minecraft:potatoes":946,"minecraft:vine":10,"minecraft:cobblestone_slab":220,"minecraft:rail":564,"minecraft:bamboo":316,"minecraft:bone_block":26,"minecraft:white_wool":5,"minecraft:smithing_table":1,"minecraft:oak_slab":13,"minecraft:redstone_block":1,"minecraft:comparator":1,"minecraft:soul_sand":280,"minecraft:observer":17,"minecraft:short_grass":57,"minecraft:bamboo_button":1,"minecraft:copper_ore":7,"minecraft:tall_grass":8,"minecraft:deepslate_gold_ore":74,"minecraft:diorite":116,"minecraft:birch_leaves":15,"minecraft:gravel":299,"minecraft:cobweb":74,"minecraft:oak_button":4,"minecraft:stone_bricks":8,"minecraft:gold_ore":9,"minecraft:waxed_cut_copper_slab":2,"minecraft:large_amethyst_bud":1,"minecraft:farmland":1,"minecraft:cobblestone_stairs":12,"minecraft:brewing_stand":1,"minecraft:grass_block":463,"minecraft:soul_soil":42,"minecraft:composter":15,"minecraft:tuff_bricks":46,"minecraft:iron_ore":214,"minecraft:polished_tuff":3,"minecraft:anvil":2,"minecraft:pointed_dripstone":2,"minecraft:iron_bars":4,"minecraft:birch_wall_sign":1,"minecraft:waxed_cut_copper":2,"minecraft:deepslate_redstone_ore":118,"minecraft:blackstone":8,"minecraft:poppy":5,"minecraft:chest":11,"minecraft:mushroom_stem":17,"minecraft:nether_quartz_ore":137,"minecraft:cobblestone":1093,"minecraft:oak_planks":398,"minecraft:wall_torch":66,"minecraft:cauldron":5,"minecraft:seagrass":13,"minecraft:red_candle":1,"minecraft:powered_rail":33,"minecraft:nether_wart_block":2,"minecraft:birch_log":218,"minecraft:birch_trapdoor":2,"minecraft:oak_log":869,"minecraft:waxed_oxidized_copper":1,"minecraft:sand":279,"minecraft:dirt":498,"minecraft:netherrack":701,"minecraft:dispenser":4,"minecraft:ancient_debris":12,"minecraft:oak_leaves":222,"minecraft:nether_gold_ore":123,"minecraft:diamond_ore":4,"minecraft:tuff":31,"minecraft:dark_oak_leaves":1,"minecraft:deepslate_diamond_ore":62,"minecraft:oak_door":23,"minecraft:glow_lichen":1,"minecraft:lever":1,"minecraft:decorated_pot":1,"minecraft:brown_mushroom_block":45,"minecraft:birch_slab":7,"minecraft:spruce_leaves":4,"minecraft:sandstone":2,"minecraft:crimson_stem":33,"minecraft:oak_trapdoor":1,"minecraft:furnace":7,"minecraft:carrots":869,"minecraft:peony":6,"minecraft:gold_block":2,"minecraft:nether_brick_fence":2,"minecraft:bookshelf":22,"minecraft:deepslate_iron_ore":123,"minecraft:shroomlight":1,"minecraft:stone":2843,"minecraft:redstone_wall_torch":16,"minecraft:snow_block":14,"minecraft:basalt":41,"minecraft:oak_fence":41,"minecraft:crafting_table":63,"minecraft:rose_bush":28,"minecraft:lectern":289,"minecraft:deepslate_coal_ore":6,"minecraft:lapis_ore":10,"minecraft:birch_planks":3,"minecraft:cactus":3,"minecraft:bamboo_trapdoor":5,"minecraft:waxed_oxidized_copper_grate":2,"minecraft:redstone_torch":13,"minecraft:sweet_berry_bush":1,"minecraft:coal_ore":201,"minecraft:cocoa":108,"minecraft:cracked_stone_bricks":2,"minecraft:mossy_stone_bricks":3,"minecraft:jungle_wall_sign":1},"minecraft:crafted":{"minecraft:oak_sign":51,"minecraft:cactus":1,"minecraft:blaze_powder":20,"minecraft:birch_slab":42,"minecraft:lever":3,"minecraft:nether_brick":2,"minecraft:bookshelf":41,"minecraft:cooked_mutton":16,"minecraft:glass":120,"minecraft:repeater":8,"minecraft:dried_kelp_block":149,"minecraft:glass_bottle":15,"minecraft:emerald":226,"minecraft:raw_gold_block":2,"minecraft:smithing_table":1,"minecraft:bamboo_planks":866,"minecraft:lectern":2,"minecraft:iron_pickaxe":8,"minecraft:iron_block":336,"minecraft:gold_ingot":217,"minecraft:netherite_ingot":2,"minecraft:composter":10,"minecraft:jungle_sign":3,"minecraft:stone_shovel":2,"minecraft:pointed_dripstone":2,"minecraft:bone_meal":216,"minecraft:ladder":6,"minecraft:stone_pickaxe":1,"minecraft:redstone_block":73,"minecraft:golden_helmet":1,"minecraft:enchanting_table":2,"minecraft:dried_kelp":1050,"minecraft:enchanted_book":10,"minecraft:oak_fence_gate":1,"minecraft:golden_apple":2,"minecraft:fermented_spider_eye":3,"minecraft:birch_trapdoor":6,"minecraft:iron_shovel":4,"minecraft:iron_leggings":4,"minecraft:white_bed":20,"minecraft:oak_planks":1912,"minecraft:cobblestone_slab":318,"minecraft:barrel":1,"minecraft:cooked_chicken":20,"minecraft:stone":157,"minecraft:cobblestone_stairs":20,"minecraft:bamboo_block":497,"minecraft:hopper":53,"minecraft:bow":8,"minecraft:iron_boots":4,"minecraft:comparator":1,"minecraft:chest":105,"minecraft:oak_button":3,"minecraft:rail":208,"minecraft:birch_button":3,"minecraft:stone_hoe":3,"minecraft:ender_eye":18,"minecraft:oak_fence":81,"minecraft:raw_iron_block":26,"minecraft:smoker":2,"minecraft:oak_slab":78,"minecraft:arrow":136,"minecraft:cauldron":4,"minecraft:crafting_table":18,"minecraft:wooden_pickaxe":1,"minecraft:baked_potato":368,"minecraft:iron_helmet":4,"minecraft:hopper_minecart":2,"minecraft:brewing_stand":2,"minecraft:birch_planks":448,"minecraft:dispenser":5,"minecraft:iron_chestplate":3,"minecraft:book":150,"minecraft:paper":978,"minecraft:diamond_pickaxe":3,"minecraft:charcoal":3,"minecraft:shield":4,"minecraft:stick":420,"minecraft:iron_ingot":774,"minecraft:stone_sword":4,"minecraft:snow_block":15,"minecraft:redstone_torch":75,"minecraft:shears":2,"minecraft:oak_door":6,"minecraft:redstone":405,"minecraft:raw_iron":234,"minecraft:fishing_rod":2,"minecraft:beehive":6,"minecraft:furnace":8,"minecraft:bamboo_button":5,"minecraft:piston":28,"minecraft:bamboo_sign":9,"minecraft:jungle_trapdoor":2,"minecraft:oak_trapdoor":2,"minecraft:diamond_block":9,"minecraft:glass_pane":32,"minecraft:flint_and_steel":1,"minecraft:scaffolding":168,"minecraft:iron_axe":10,"minecraft:chiseled_bookshelf":1,"minecraft:honey_block":2,"minecraft:netherite_scrap":9,"minecraft:birch_sign":6,"minecraft:observer":31,"minecraft:minecart":4,"minecraft:cooked_beef":35,"minecraft:sugar":3,"minecraft:cooked_cod":8,"minecraft:crimson_planks":4,"minecraft:iron_trapdoor":3,"minecraft:powered_rail":54,"minecraft:iron_sword":8,"minecraft:cooked_salmon":5,"minecraft:bucket":6,"minecraft:stone_axe":4,"minecraft:air":0,"minecraft:bread":16,"minecraft:jungle_planks":76,"minecraft:oak_boat":5,"minecraft:white_wool":8,"minecraft:anvil":4,"minecraft:acacia_planks":16,"minecraft:torch":540,"minecraft:bamboo_trapdoor":8,"minecraft:lapis_lazuli":9,"minecraft:lapis_block":31},"minecraft:broken":{"minecraft:iron_boots":1,"minecraft:iron_sword":1,"minecraft:stone_sword":1,"minecraft:stone_hoe":1,"minecraft:iron_axe":2,"minecraft:iron_pickaxe":2,"minecraft:iron_helmet":1,"minecraft:golden_helmet":1,"minecraft:golden_leggings":1,"minecraft:stone_pickaxe":1,"minecraft:stone_axe":3,"minecraft:stone_shovel":1},"minecraft:killed":{"minecraft:cave_spider":1525,"minecraft:cod":1,"minecraft:skeleton":78,"minecraft:chicken":1,"minecraft:magma_cube":19,"minecraft:salmon":11,"minecraft:iron_golem":3,"minecraft:pillager":17,"minecraft:zombie":1011,"minecraft:cow":37,"minecraft:vindicator":3,"minecraft:rabbit":1,"minecraft:wandering_trader":1,"minecraft:ravager":2,"minecraft:breeze":1,"minecraft:enderman":10,"minecraft:zombified_piglin":1,"minecraft:spider":56,"minecraft:silverfish":3,"minecraft:piglin":1,"minecraft:pig":8,"minecraft:zombie_villager":3,"minecraft:creeper":30,"minecraft:sheep":18,"minecraft:trader_llama":2,"minecraft:stray":27,"minecraft:blaze":41,"minecraft:slime":42,"minecraft:drowned":64,"minecraft:bat":2,"minecraft:hoglin":11,"minecraft:wither_skeleton":44,"minecraft:villager":8},"minecraft:custom":{"minecraft:interact_with_crafting_table":445,"minecraft:open_barrel":12,"minecraft:leave_game":33,"minecraft:time_since_death":933982,"minecraft:damage_blocked_by_shield":10397,"minecraft:play_time":2462535,"minecraft:deaths":6,"minecraft:jump":25742,"minecraft:enchant_item":30,"minecraft:interact_with_furnace":313,"minecraft:traded_with_villager":238,"minecraft:sleep_in_bed":115,"minecraft:damage_dealt":205461,"minecraft:interact_with_smoker":130,"minecraft:use_cauldron":22,"minecraft:inspect_dispenser":71,"minecraft:horse_one_cm":74,"minecraft:interact_with_smithing_table":3,"minecraft:interact_with_anvil":87,"minecraft:inspect_hopper":112,"minecraft:sneak_time":115447,"minecraft:total_world_time":2462535,"minecraft:time_since_rest":3199,"minecraft:swim_one_cm":1288916,"minecraft:fly_one_cm":4331123,"minecraft:open_chest":2630,"minecraft:fish_caught":69,"minecraft:fall_one_cm":476344,"minecraft:animals_bred":355,"minecraft:sprint_one_cm":4574634,"minecraft:drop":209,"minecraft:talked_to_villager":494,"minecraft:interact_with_brewingstand":18,"minecraft:walk_on_water_one_cm":677231,"minecraft:crouch_one_cm":373170,"minecraft:mob_kills":3097,"minecraft:climb_one_cm":30550,"minecraft:walk_one_cm":7484973,"minecraft:raid_win":1,"minecraft:walk_under_water_one_cm":514760,"minecraft:boat_one_cm":595600,"minecraft:raid_trigger":1,"minecraft:damage_taken":15808,"minecraft:damage_absorbed":80,"minecraft:minecart_one_cm":1280308},"minecraft:dropped":{"minecraft:glass_bottle":1,"minecraft:dirt":16,"minecraft:gold_nugget":8,"minecraft:sand":4,"minecraft:iron_pickaxe":2,"minecraft:bone":2,"minecraft:waxed_cut_copper_slab":3,"minecraft:stone_axe":2,"minecraft:cooked_chicken":1,"minecraft:nether_brick":11,"minecraft:wheat":242,"minecraft:rotten_flesh":94,"minecraft:waxed_copper_block":1,"minecraft:wind_charge":2,"minecraft:chiseled_tuff":2,"minecraft:crying_obsidian":2,"minecraft:egg":289,"minecraft:iron_ingot":8,"minecraft:wheat_seeds":1,"minecraft:cobblestone":35,"minecraft:potion":2,"minecraft:dried_kelp":1,"minecraft:string":5,"minecraft:stone_sword":1,"minecraft:bamboo_hanging_sign":1,"minecraft:suspicious_stew":1,"minecraft:cobblestone_slab":26,"minecraft:potato":228,"minecraft:waxed_cut_copper":3,"minecraft:spider_eye":5,"minecraft:bamboo":1,"minecraft:sandstone":2,"minecraft:bow":2,"minecraft:soul_sand":21,"minecraft:baked_potato":26,"minecraft:cod":1,"minecraft:flint":2,"minecraft:gold_ingot":44,"minecraft:gravel":25,"minecraft:chiseled_tuff_bricks":1,"minecraft:carrot":1226,"minecraft:gunpowder":5,"minecraft:basalt":2,"minecraft:birch_button":3,"minecraft:arrow":2,"minecraft:netherrack":98,"minecraft:diorite":8,"minecraft:bucket":1,"minecraft:redstone":4,"minecraft:kelp":6,"minecraft:tuff_bricks":12,"minecraft:tuff":38,"minecraft:composter":1,"minecraft:filled_map":3,"minecraft:oak_button":1,"minecraft:andesite":4},"minecraft:killed_by":{"minecraft:wither_skeleton":4,"minecraft:blaze":2},"minecraft:used":{"minecraft:peony":4,"minecraft:tuff_bricks":2,"minecraft:ladder":6,"minecraft:dispenser":9,"minecraft:bamboo_sign":10,"minecraft:poppy":7,"minecraft:chest":53,"minecraft:stone":1,"minecraft:rotten_flesh":8,"minecraft:soul_sand":42,"minecraft:cocoa_beans":128,"minecraft:snowball":3,"minecraft:lava_bucket":85,"minecraft:grass_block":1,"minecraft:stone_brick_stairs":2,"minecraft:bow":76,"minecraft:ominous_bottle":1,"minecraft:sweet_berries":23,"minecraft:furnace":9,"minecraft:cooked_cod":8,"minecraft:egg":5,"minecraft:potato":1030,"minecraft:diorite":74,"minecraft:powered_rail":90,"minecraft:cactus":5,"minecraft:blackstone":2,"minecraft:wooden_pickaxe":40,"minecraft:mossy_stone_brick_stairs":3,"minecraft:composter":22,"minecraft:golden_apple":2,"minecraft:sand":12,"minecraft:bamboo_button":9,"minecraft:birch_slab":9,"minecraft:lectern":291,"minecraft:lilac":12,"minecraft:smithing_table":2,"minecraft:oak_boat":25,"minecraft:oak_trapdoor":3,"minecraft:enchanting_table":4,"minecraft:stone_sword":199,"minecraft:cooked_salmon":9,"minecraft:trial_key":2,"minecraft:netherrack":317,"minecraft:torch":734,"minecraft:brewing_stand":2,"minecraft:anvil":6,"minecraft:jungle_trapdoor":5,"minecraft:oak_fence_gate":1,"minecraft:iron_axe":2781,"minecraft:jungle_log":15,"minecraft:barrel":4,"minecraft:bamboo":71,"minecraft:basalt":31,"minecraft:iron_trapdoor":3,"minecraft:cobbled_deepslate":273,"minecraft:observer":45,"minecraft:pointed_dripstone":4,"minecraft:crimson_stem":10,"minecraft:wheat_seeds":1222,"minecraft:water_bucket":380,"minecraft:chiseled_bookshelf":1,"minecraft:birch_planks":187,"minecraft:cauldron":8,"minecraft:leather_boots":3,"minecraft:mossy_cobblestone":48,"minecraft:rail":739,"minecraft:comparator":2,"minecraft:oak_slab":36,"minecraft:crafting_table":73,"minecraft:birch_sign":7,"minecraft:white_bed":41,"minecraft:oak_log":105,"minecraft:ender_eye":25,"minecraft:diamond_pickaxe":3395,"minecraft:wind_charge":1,"minecraft:oak_button":9,"minecraft:iron_pickaxe":4103,"minecraft:enchanted_book":11,"minecraft:cobblestone":2764,"minecraft:potion":18,"minecraft:glass_pane":22,"minecraft:kelp":42,"minecraft:iron_shovel":1473,"minecraft:oak_sign":94,"minecraft:shield":303,"minecraft:iron_sword":3092,"minecraft:nether_wart":110,"minecraft:iron_chestplate":9,"minecraft:nether_bricks":33,"minecraft:carrot":1039,"minecraft:waxed_copper_grate":2,"minecraft:tuff":2,"minecraft:milk_bucket":6,"minecraft:obsidian":10,"minecraft:honey_bottle":4,"minecraft:glass":93,"minecraft:iron_helmet":8,"minecraft:hopper_minecart":5,"minecraft:stone_bricks":4,"minecraft:birch_button":12,"minecraft:birch_trapdoor":4,"minecraft:repeater":22,"minecraft:bamboo_trapdoor":11,"minecraft:stone_pickaxe":131,"minecraft:oak_planks":1058,"minecraft:redstone_block":1,"minecraft:sugar_cane":53,"minecraft:white_wool":6,"minecraft:golden_hoe":11,"minecraft:redstone_torch":107,"minecraft:lever":3,"minecraft:bread":10,"minecraft:gravel":56,"minecraft:golden_helmet":2,"minecraft:jungle_sign":6,"minecraft:andesite":36,"minecraft:chest_minecart":2,"minecraft:air":16,"minecraft:bone_meal":216,"minecraft:oak_fence":103,"minecraft:rose_bush":18,"minecraft:flint_and_steel":11,"minecraft:stone_shovel":225,"minecraft:redstone":345,"minecraft:dried_kelp":84,"minecraft:stone_hoe":330,"minecraft:cooked_chicken":41,"minecraft:oak_door":29,"minecraft:dirt":836,"minecraft:hopper":54,"minecraft:golden_chestplate":1,"minecraft:bookshelf":60,"minecraft:waxed_cut_copper":1,"minecraft:iron_boots":10,"minecraft:soul_soil":16,"minecraft:minecart":38,"minecraft:bamboo_planks":395,"minecraft:iron_leggings":4,"minecraft:cooked_mutton":16,"minecraft:cobblestone_stairs":26,"minecraft:glass_bottle":25,"minecraft:baked_potato":330,"minecraft:cobblestone_slab":490,"minecraft:waxed_copper_block":1,"minecraft:smoker":2,"minecraft:book":2,"minecraft:piston":28,"minecraft:golden_leggings":5,"minecraft:stone_axe":451,"minecraft:fishing_rod":114,"minecraft:crimson_fungus":1,"minecraft:bucket":487,"minecraft:splash_potion":2},"minecraft:picked_up":{"minecraft:iron_chestplate":4,"minecraft:anvil":2,"minecraft:smithing_table":1,"minecraft:lead":25,"minecraft:birch_button":12,"minecraft:enchanted_book":1,"minecraft:brewing_stand":1,"minecraft:amethyst_block":2,"minecraft:string":941,"minecraft:soul_soil":44,"minecraft:pufferfish":6,"minecraft:shroomlight":1,"minecraft:gold_nugget":1047,"minecraft:cobbled_deepslate":314,"minecraft:trial_key":2,"minecraft:hopper_minecart":2,"minecraft:melon_slice":14,"minecraft:golden_helmet":3,"minecraft:composter":16,"minecraft:acacia_log":7,"minecraft:waxed_copper_grate":2,"minecraft:golden_chestplate":3,"minecraft:cauldron":5,"minecraft:stone_sword":5,"minecraft:honey_bottle":2,"minecraft:bookshelf":21,"minecraft:waxed_cut_copper":4,"minecraft:blaze_rod":44,"minecraft:iron_bars":2,"minecraft:snowball":62,"minecraft:birch_log":217,"minecraft:magma_block":21,"minecraft:feather":335,"minecraft:cooked_beef":12,"minecraft:birch_slab":7,"minecraft:water_bucket":1,"minecraft:jungle_log":45,"minecraft:flint":43,"minecraft:honeycomb":27,"minecraft:ink_sac":3,"minecraft:barrel":3,"minecraft:dispenser":4,"minecraft:lever":1,"minecraft:granite":13,"minecraft:bread":8,"minecraft:crimson_roots":7,"minecraft:crafting_table":63,"minecraft:ominous_bottle":2,"minecraft:nether_wart":349,"minecraft:wind_charge":4,"minecraft:jungle_trapdoor":1,"minecraft:red_bed":1,"minecraft:flint_and_steel":1,"minecraft:iron_shovel":1,"minecraft:beef":47,"minecraft:chiseled_tuff":2,"minecraft:poppy":13,"minecraft:minecart":38,"minecraft:guster_pottery_sherd":1,"minecraft:chest":10,"minecraft:birch_sapling":23,"minecraft:piston":4,"minecraft:egg":19,"minecraft:sandstone":2,"minecraft:oak_door":24,"minecraft:fire_charge":1,"minecraft:carrot":3128,"minecraft:redstone":863,"minecraft:jungle_sign":2,"minecraft:bamboo_sign":1,"minecraft:peony":6,"minecraft:gold_ingot":4,"minecraft:tuff_bricks":50,"minecraft:mutton":29,"minecraft:bone_block":26,"minecraft:rail":563,"minecraft:white_wool":79,"minecraft:red_mushroom":12,"minecraft:filled_map":3,"minecraft:oak_log":872,"minecraft:ancient_debris":12,"minecraft:white_banner":5,"minecraft:stone_bricks":5,"minecraft:apple":20,"minecraft:kelp":1280,"minecraft:glass_bottle":1,"minecraft:iron_sword":2,"minecraft:smooth_basalt":1,"minecraft:sweet_berries":166,"minecraft:gravel":314,"minecraft:crying_obsidian":9,"minecraft:slime_ball":29,"minecraft:stone_axe":3,"minecraft:short_grass":2,"minecraft:birch_sign":2,"minecraft:gray_wool":3,"minecraft:oak_button":7,"minecraft:baked_potato":90,"minecraft:hopper":11,"minecraft:ender_pearl":18,"minecraft:wheat":1105,"minecraft:redstone_block":1,"minecraft:nether_brick_fence":4,"minecraft:potion":6,"minecraft:nether_brick":19,"minecraft:stone_brick_stairs":2,"minecraft:waxed_cut_copper_slab":4,"minecraft:raw_copper":25,"minecraft:iron_leggings":2,"minecraft:oak_sign":57,"minecraft:comparator":1,"minecraft:bucket":5,"minecraft:rose_bush":29,"minecraft:redstone_torch":56,"minecraft:cobblestone_slab":248,"minecraft:ender_eye":9,"minecraft:iron_pickaxe":5,"minecraft:furnace":7,"minecraft:iron_boots":3,"minecraft:tipped_arrow":33,"minecraft:stick":109,"minecraft:birch_trapdoor":2,"minecraft:oak_fence":39,"minecraft:torch":160,"minecraft:porkchop":65,"minecraft:dried_kelp":11,"minecraft:pointed_dripstone":2,"minecraft:diorite":116,"minecraft:cactus":17,"minecraft:rotten_flesh":612,"minecraft:obsidian":21,"minecraft:cod":38,"minecraft:cobblestone":4138,"minecraft:nautilus_shell":1,"minecraft:enchanting_table":2,"minecraft:lilac":24,"minecraft:repeater":16,"minecraft:magma_cream":7,"minecraft:andesite":136,"minecraft:golden_leggings":3,"minecraft:potato":3210,"minecraft:tuff":47,"minecraft:dirt":1023,"minecraft:lapis_lazuli":472,"minecraft:name_tag":2,"minecraft:leather_boots":3,"minecraft:bone":245,"minecraft:bow":14,"minecraft:wheat_seeds":2975,"minecraft:raw_gold":100,"minecraft:mossy_stone_bricks":1,"minecraft:bamboo":3309,"minecraft:powered_rail":35,"minecraft:oak_planks":444,"minecraft:mossy_stone_brick_stairs":3,"minecraft:poisonous_potato":24,"minecraft:sand":207,"minecraft:nether_brick_stairs":1,"minecraft:grass_block":5,"minecraft:spectral_arrow":11,"minecraft:mossy_cobblestone":50,"minecraft:diamond":114,"minecraft:crossbow":1,"minecraft:breeze_rod":4,"minecraft:bone_meal":1,"minecraft:golden_apple":6,"minecraft:emerald":5,"minecraft:oak_sapling":145,"minecraft:netherrack":946,"minecraft:cocoa_beans":339,"minecraft:splash_potion":1,"minecraft:chicken":2,"minecraft:chest_minecart":7,"minecraft:brown_mushroom":20,"minecraft:gold_block":2,"minecraft:brick":3,"minecraft:shield":3,"minecraft:oak_trapdoor":1,"minecraft:iron_axe":3,"minecraft:blackstone":51,"minecraft:oak_boat":24,"minecraft:observer":17,"minecraft:lectern":289,"minecraft:sugar_cane":1101,"minecraft:raw_iron":337,"minecraft:bamboo_hanging_sign":1,"minecraft:copper_ingot":7,"minecraft:bowl":3,"minecraft:cookie":1,"minecraft:bamboo_button":5,"minecraft:arrow":188,"minecraft:nether_bricks":38,"minecraft:saddle":3,"minecraft:basalt":42,"minecraft:glow_ink_sac":6,"minecraft:crimson_stem":33,"minecraft:salmon":32,"minecraft:leather":80,"minecraft:music_disc_stal":1,"minecraft:birch_planks":3,"minecraft:crimson_fungus":1,"minecraft:waxed_copper_block":2,"minecraft:gunpowder":41,"minecraft:cobblestone_stairs":7,"minecraft:iron_ingot":48,"minecraft:cooked_chicken":47,"minecraft:soul_sand":277,"minecraft:book":4,"minecraft:oak_slab":13,"minecraft:bamboo_planks":79,"minecraft:pumpkin":7,"minecraft:quartz":255,"minecraft:amethyst_shard":20,"minecraft:white_bed":27,"minecraft:spider_eye":639,"minecraft:iron_helmet":3,"minecraft:coal":277,"minecraft:chiseled_tuff_bricks":2}},"DataVersion":3953}