{"stats":{"minecraft:mined":{"minecraft:white_bed":11,"minecraft:cobblestone_stairs":3,"minecraft:jungle_leaves":7,"minecraft:obsidian":20,"minecraft:grass_block":352,"minecraft:jungle_log":44,"minecraft:soul_soil":26,"minecraft:composter":4,"minecraft:oak_wall_sign":3,"minecraft:nether_wart":70,"minecraft:tall_seagrass":11,"minecraft:magma_block":3,"minecraft:iron_ore":214,"minecraft:fire":15,"minecraft:pumpkin":7,"minecraft:deepslate_lapis_ore":37,"minecraft:nether_brick_stairs":1,"minecraft:iron_bars":2,"minecraft:jungle_trapdoor":4,"minecraft:deepslate_redstone_ore":95,"minecraft:brown_mushroom":4,"minecraft:kelp_plant":102,"minecraft:soul_fire":6,"minecraft:powder_snow":15,"minecraft:torch":7,"minecraft:poppy":3,"minecraft:melon":3,"minecraft:chest":2,"minecraft:mushroom_stem":17,"minecraft:nether_quartz_ore":15,"minecraft:cobblestone":279,"minecraft:oak_planks":59,"minecraft:sugar_cane":162,"minecraft:wall_torch":7,"minecraft:seagrass":11,"minecraft:repeater":7,"minecraft:powered_rail":15,"minecraft:wheat":465,"minecraft:birch_log":128,"minecraft:lilac":17,"minecraft:stone_brick_stairs":2,"minecraft:oak_log":535,"minecraft:sand":132,"minecraft:dirt":270,"minecraft:red_mushroom_block":41,"minecraft:dispenser":2,"minecraft:netherrack":110,"minecraft:oak_leaves":119,"minecraft:deepslate":42,"minecraft:suspicious_gravel":1,"minecraft:nether_gold_ore":3,"minecraft:diamond_ore":4,"minecraft:tuff":3,"minecraft:mossy_cobblestone":48,"minecraft:dark_oak_leaves":1,"minecraft:deepslate_diamond_ore":23,"minecraft:oak_door":21,"minecraft:lever":1,"minecraft:nether_bricks":36,"minecraft:crimson_roots":1,"minecraft:redstone_wire":73,"minecraft:brown_mushroom_block":45,"minecraft:spruce_leaves":4,"minecraft:kelp":28,"minecraft:sandstone":2,"minecraft:redstone_ore":15,"minecraft:furnace":2,"minecraft:carrots":307,"minecraft:snow":8,"minecraft:andesite":18,"minecraft:peony":4,"minecraft:gold_block":2,"minecraft:nether_brick_fence":2,"minecraft:mossy_stone_brick_stairs":3,"minecraft:potatoes":387,"minecraft:cobblestone_slab":2,"minecraft:deepslate_iron_ore":123,"minecraft:vine":10,"minecraft:rail":374,"minecraft:bamboo":209,"minecraft:stone":1265,"minecraft:white_wool":4,"minecraft:redstone_wall_torch":4,"minecraft:redstone_block":1,"minecraft:comparator":1,"minecraft:soul_sand":220,"minecraft:snow_block":14,"minecraft:basalt":22,"minecraft:observer":2,"minecraft:oak_fence":21,"minecraft:crafting_table":23,"minecraft:short_grass":52,"minecraft:rose_bush":16,"minecraft:lectern":1,"minecraft:tall_grass":7,"minecraft:copper_ore":7,"minecraft:deepslate_coal_ore":6,"minecraft:deepslate_gold_ore":59,"minecraft:lapis_ore":7,"minecraft:diorite":2,"minecraft:birch_planks":1,"minecraft:cactus":3,"minecraft:sweet_berry_bush":1,"minecraft:redstone_torch":2,"minecraft:birch_leaves":11,"minecraft:coal_ore":114,"minecraft:cocoa":87,"minecraft:gravel":99,"minecraft:cobweb":6,"minecraft:cracked_stone_bricks":1,"minecraft:oak_button":4,"minecraft:stone_bricks":5,"minecraft:mossy_stone_bricks":2,"minecraft:gold_ore":9},"minecraft:used":{"minecraft:peony":3,"minecraft:iron_shovel":791,"minecraft:dispenser":5,"minecraft:poppy":1,"minecraft:ladder":6,"minecraft:oak_sign":6,"minecraft:chest":19,"minecraft:shield":167,"minecraft:stone":1,"minecraft:iron_sword":547,"minecraft:nether_wart":40,"minecraft:rotten_flesh":8,"minecraft:iron_chestplate":8,"minecraft:soul_sand":12,"minecraft:cocoa_beans":105,"minecraft:nether_bricks":33,"minecraft:carrot":470,"minecraft:tuff":2,"minecraft:snowball":3,"minecraft:milk_bucket":3,"minecraft:obsidian":10,"minecraft:glass":85,"minecraft:lava_bucket":29,"minecraft:iron_helmet":7,"minecraft:stone_brick_stairs":2,"minecraft:stone_bricks":4,"minecraft:repeater":8,"minecraft:bow":19,"minecraft:sweet_berries":23,"minecraft:furnace":4,"minecraft:cooked_cod":8,"minecraft:potato":471,"minecraft:bamboo_trapdoor":6,"minecraft:diorite":2,"minecraft:stone_pickaxe":131,"minecraft:powered_rail":72,"minecraft:oak_planks":749,"minecraft:cactus":4,"minecraft:wooden_pickaxe":40,"minecraft:mossy_stone_brick_stairs":3,"minecraft:redstone_block":1,"minecraft:composter":7,"minecraft:sugar_cane":36,"minecraft:white_wool":4,"minecraft:golden_apple":2,"minecraft:golden_hoe":11,"minecraft:sand":9,"minecraft:redstone_torch":57,"minecraft:lever":1,"minecraft:bread":10,"minecraft:lectern":2,"minecraft:gravel":27,"minecraft:lilac":7,"minecraft:golden_helmet":1,"minecraft:jungle_sign":1,"minecraft:andesite":6,"minecraft:oak_boat":25,"minecraft:bone_meal":180,"minecraft:oak_fence":98,"minecraft:stone_sword":132,"minecraft:rose_bush":15,"minecraft:enchanting_table":1,"minecraft:flint_and_steel":5,"minecraft:stone_shovel":225,"minecraft:dried_kelp":78,"minecraft:redstone":88,"minecraft:cooked_salmon":9,"minecraft:stone_hoe":329,"minecraft:cooked_chicken":16,"minecraft:netherrack":84,"minecraft:oak_door":27,"minecraft:torch":471,"minecraft:brewing_stand":1,"minecraft:dirt":632,"minecraft:anvil":1,"minecraft:hopper":4,"minecraft:golden_chestplate":1,"minecraft:jungle_trapdoor":5,"minecraft:oak_fence_gate":1,"minecraft:bookshelf":8,"minecraft:iron_axe":1215,"minecraft:jungle_log":14,"minecraft:iron_boots":8,"minecraft:bamboo":20,"minecraft:basalt":18,"minecraft:soul_soil":16,"minecraft:minecart":22,"minecraft:observer":3,"minecraft:cobbled_deepslate":61,"minecraft:iron_leggings":4,"minecraft:bamboo_planks":210,"minecraft:wheat_seeds":554,"minecraft:cooked_mutton":16,"minecraft:water_bucket":181,"minecraft:cobblestone_stairs":14,"minecraft:birch_planks":185,"minecraft:glass_bottle":9,"minecraft:baked_potato":152,"minecraft:cobblestone_slab":5,"minecraft:leather_boots":2,"minecraft:comparator":2,"minecraft:rail":601,"minecraft:crafting_table":24,"minecraft:oak_slab":15,"minecraft:white_bed":17,"minecraft:smoker":2,"minecraft:oak_log":105,"minecraft:diamond_pickaxe":1993,"minecraft:oak_button":8,"minecraft:iron_pickaxe":862,"minecraft:golden_leggings":5,"minecraft:stone_axe":451,"minecraft:fishing_rod":35,"minecraft:cobblestone":861,"minecraft:bucket":213,"minecraft:glass_pane":20,"minecraft:kelp":23,"minecraft:splash_potion":2},"minecraft:dropped":{"minecraft:dirt":13,"minecraft:gravel":2,"minecraft:stone_axe":2,"minecraft:carrot":616,"minecraft:arrow":2,"minecraft:egg":1,"minecraft:wheat_seeds":1,"minecraft:cobblestone":1,"minecraft:dried_kelp":1,"minecraft:filled_map":2,"minecraft:spider_eye":1,"minecraft:sandstone":2},"minecraft:killed_by":{"minecraft:wither_skeleton":3,"minecraft:blaze":2},"minecraft:picked_up":{"minecraft:iron_chestplate":2,"minecraft:wheat":461,"minecraft:redstone_block":1,"minecraft:nether_brick_fence":4,"minecraft:lead":25,"minecraft:stone_brick_stairs":2,"minecraft:string":53,"minecraft:soul_soil":28,"minecraft:raw_copper":22,"minecraft:iron_leggings":1,"minecraft:oak_sign":3,"minecraft:gold_nugget":18,"minecraft:cobbled_deepslate":61,"minecraft:comparator":1,"minecraft:redstone_torch":7,"minecraft:rose_bush":18,"minecraft:cobblestone_slab":2,"minecraft:iron_pickaxe":3,"minecraft:melon_slice":14,"minecraft:iron_boots":2,"minecraft:furnace":2,"minecraft:golden_helmet":3,"minecraft:stick":61,"minecraft:composter":4,"minecraft:oak_fence":19,"minecraft:torch":19,"minecraft:porkchop":9,"minecraft:dried_kelp":9,"minecraft:diorite":2,"minecraft:golden_chestplate":3,"minecraft:cactus":6,"minecraft:stone_sword":3,"minecraft:rotten_flesh":230,"minecraft:blaze_rod":8,"minecraft:obsidian":20,"minecraft:cod":14,"minecraft:iron_bars":2,"minecraft:snowball":62,"minecraft:cobblestone":1849,"minecraft:birch_log":127,"minecraft:magma_block":3,"minecraft:cooked_beef":6,"minecraft:lilac":16,"minecraft:repeater":7,"minecraft:magma_cream":1,"minecraft:jungle_log":44,"minecraft:andesite":18,"minecraft:golden_leggings":3,"minecraft:potato":1191,"minecraft:flint":8,"minecraft:tuff":6,"minecraft:dirt":688,"minecraft:lapis_lazuli":298,"minecraft:name_tag":2,"minecraft:leather_boots":2,"minecraft:bone":72,"minecraft:bow":7,"minecraft:wheat_seeds":1284,"minecraft:raw_gold":70,"minecraft:mossy_stone_bricks":1,"minecraft:bamboo":1919,"minecraft:powered_rail":15,"minecraft:honeycomb":9,"minecraft:oak_planks":143,"minecraft:mossy_stone_brick_stairs":3,"minecraft:poisonous_potato":11,"minecraft:sand":132,"minecraft:nether_brick_stairs":1,"minecraft:ink_sac":2,"minecraft:grass_block":1,"minecraft:mossy_cobblestone":50,"minecraft:dispenser":2,"minecraft:diamond":27,"minecraft:lever":1,"minecraft:golden_apple":6,"minecraft:bread":6,"minecraft:oak_sapling":77,"minecraft:netherrack":112,"minecraft:crimson_roots":1,"minecraft:cocoa_beans":270,"minecraft:crafting_table":23,"minecraft:ominous_bottle":1,"minecraft:chicken":1,"minecraft:nether_wart":149,"minecraft:chest_minecart":4,"minecraft:brown_mushroom":20,"minecraft:gold_block":2,"minecraft:shield":2,"minecraft:jungle_trapdoor":1,"minecraft:iron_axe":3,"minecraft:beef":47,"minecraft:oak_boat":24,"minecraft:observer":2,"minecraft:poppy":3,"minecraft:minecart":22,"minecraft:lectern":1,"minecraft:chest":2,"minecraft:sugar_cane":221,"minecraft:birch_sapling":17,"minecraft:egg":18,"minecraft:raw_iron":337,"minecraft:sandstone":2,"minecraft:oak_door":22,"minecraft:copper_ingot":4,"minecraft:bowl":1,"minecraft:carrot":1083,"minecraft:redstone":570,"minecraft:jungle_sign":1,"minecraft:arrow":43,"minecraft:peony":4,"minecraft:nether_bricks":38,"minecraft:saddle":1,"minecraft:mutton":29,"minecraft:rail":377,"minecraft:white_wool":32,"minecraft:basalt":24,"minecraft:glow_ink_sac":6,"minecraft:salmon":17,"minecraft:leather":36,"minecraft:music_disc_stal":1,"minecraft:red_mushroom":12,"minecraft:filled_map":3,"minecraft:birch_planks":1,"minecraft:oak_log":540,"minecraft:gunpowder":26,"minecraft:cobblestone_stairs":3,"minecraft:white_banner":1,"minecraft:apple":8,"minecraft:stone_bricks":5,"minecraft:kelp":936,"minecraft:iron_ingot":1,"minecraft:iron_sword":2,"minecraft:soul_sand":206,"minecraft:pumpkin":7,"minecraft:sweet_berries":116,"minecraft:quartz":15,"minecraft:gravel":85,"minecraft:white_bed":11,"minecraft:spider_eye":9,"minecraft:slime_ball":26,"minecraft:stone_axe":3,"minecraft:iron_helmet":2,"minecraft:gray_wool":3,"minecraft:oak_button":5,"minecraft:baked_potato":4,"minecraft:coal":131,"minecraft:ender_pearl":1},"minecraft:killed":{"minecraft:cave_spider":1,"minecraft:zombified_piglin":1,"minecraft:spider":37,"minecraft:cod":1,"minecraft:skeleton":49,"minecraft:magma_cube":9,"minecraft:pig":7,"minecraft:zombie_villager":2,"minecraft:salmon":11,"minecraft:creeper":24,"minecraft:sheep":18,"minecraft:trader_llama":2,"minecraft:pillager":3,"minecraft:zombie":196,"minecraft:blaze":11,"minecraft:cow":27,"minecraft:slime":38,"minecraft:drowned":31,"minecraft:rabbit":1,"minecraft:wandering_trader":1,"minecraft:wither_skeleton":28,"minecraft:enderman":3},"minecraft:crafted":{"minecraft:oak_planks":1228,"minecraft:cobblestone_slab":6,"minecraft:oak_sign":3,"minecraft:cactus":1,"minecraft:blaze_powder":2,"minecraft:cooked_chicken":20,"minecraft:stone":17,"minecraft:cobblestone_stairs":12,"minecraft:lever":1,"minecraft:bookshelf":9,"minecraft:cooked_mutton":16,"minecraft:bamboo_block":183,"minecraft:glass":120,"minecraft:hopper":4,"minecraft:repeater":2,"minecraft:bow":4,"minecraft:iron_boots":3,"minecraft:comparator":1,"minecraft:chest":21,"minecraft:oak_button":3,"minecraft:rail":208,"minecraft:dried_kelp_block":74,"minecraft:stone_hoe":3,"minecraft:oak_fence":81,"minecraft:raw_iron_block":26,"minecraft:smoker":2,"minecraft:glass_bottle":9,"minecraft:oak_slab":42,"minecraft:emerald":16,"minecraft:cauldron":1,"minecraft:crafting_table":5,"minecraft:wooden_pickaxe":1,"minecraft:baked_potato":175,"minecraft:iron_helmet":3,"minecraft:raw_gold_block":1,"minecraft:birch_planks":188,"minecraft:brewing_stand":1,"minecraft:dispenser":3,"minecraft:bamboo_planks":306,"minecraft:lectern":1,"minecraft:iron_chestplate":2,"minecraft:book":29,"minecraft:paper":132,"minecraft:diamond_pickaxe":3,"minecraft:charcoal":3,"minecraft:shield":2,"minecraft:stick":288,"minecraft:iron_ingot":342,"minecraft:iron_pickaxe":3,"minecraft:iron_block":4,"minecraft:stone_sword":2,"minecraft:snow_block":15,"minecraft:gold_ingot":82,"minecraft:redstone_torch":75,"minecraft:composter":3,"minecraft:shears":1,"minecraft:jungle_sign":3,"minecraft:oak_door":6,"minecraft:redstone":180,"minecraft:raw_iron":234,"minecraft:stone_shovel":2,"minecraft:fishing_rod":1,"minecraft:beehive":3,"minecraft:pointed_dripstone":2,"minecraft:furnace":4,"minecraft:jungle_trapdoor":2,"minecraft:bone_meal":180,"minecraft:glass_pane":32,"minecraft:flint_and_steel":1,"minecraft:iron_axe":7,"minecraft:ladder":6,"minecraft:stone_pickaxe":1,"minecraft:redstone_block":60,"minecraft:minecart":3,"minecraft:observer":4,"minecraft:cooked_beef":20,"minecraft:sugar":3,"minecraft:cooked_cod":8,"minecraft:enchanting_table":1,"minecraft:dried_kelp":746,"minecraft:powered_rail":54,"minecraft:iron_sword":3,"minecraft:cooked_salmon":5,"minecraft:bucket":3,"minecraft:stone_axe":4,"minecraft:bread":8,"minecraft:air":0,"minecraft:jungle_planks":76,"minecraft:oak_fence_gate":1,"minecraft:oak_boat":5,"minecraft:golden_apple":2,"minecraft:fermented_spider_eye":3,"minecraft:iron_shovel":4,"minecraft:iron_leggings":3,"minecraft:anvil":1,"minecraft:white_bed":6,"minecraft:torch":444,"minecraft:bamboo_trapdoor":6,"minecraft:lapis_lazuli":9,"minecraft:lapis_block":24},"minecraft:broken":{"minecraft:iron_boots":1,"minecraft:stone_pickaxe":1,"minecraft:stone_axe":3,"minecraft:iron_sword":1,"minecraft:stone_shovel":1,"minecraft:stone_sword":1,"minecraft:stone_hoe":1,"minecraft:iron_axe":2,"minecraft:iron_pickaxe":1,"minecraft:iron_helmet":1},"minecraft:custom":{"minecraft:animals_bred":151,"minecraft:interact_with_crafting_table":191,"minecraft:leave_game":15,"minecraft:time_since_death":685661,"minecraft:sprint_one_cm":2483839,"minecraft:damage_blocked_by_shield":5366,"minecraft:drop":25,"minecraft:talked_to_villager":30,"minecraft:play_time":981187,"minecraft:deaths":5,"minecraft:jump":12113,"minecraft:interact_with_brewingstand":15,"minecraft:walk_on_water_one_cm":158513,"minecraft:enchant_item":8,"minecraft:interact_with_furnace":246,"minecraft:traded_with_villager":18,"minecraft:sleep_in_bed":47,"minecraft:damage_dealt":65691,"minecraft:crouch_one_cm":201524,"minecraft:interact_with_smoker":36,"minecraft:inspect_dispenser":21,"minecraft:horse_one_cm":74,"minecraft:mob_kills":512,"minecraft:interact_with_anvil":21,"minecraft:inspect_hopper":6,"minecraft:climb_one_cm":10106,"minecraft:walk_one_cm":3454482,"minecraft:sneak_time":53066,"minecraft:walk_under_water_one_cm":172188,"minecraft:boat_one_cm":595600,"minecraft:total_world_time":981187,"minecraft:time_since_rest":2606,"minecraft:damage_taken":9881,"minecraft:damage_absorbed":80,"minecraft:minecart_one_cm":783274,"minecraft:swim_one_cm":524319,"minecraft:fly_one_cm":2312836,"minecraft:open_chest":824,"minecraft:fish_caught":24,"minecraft:fall_one_cm":238503}},"DataVersion":3953}