{"stats":{"minecraft:crafted":{"minecraft:oak_planks":1484,"minecraft:cobblestone_slab":264,"minecraft:oak_sign":39,"minecraft:cactus":1,"minecraft:blaze_powder":2,"minecraft:cooked_chicken":20,"minecraft:birch_slab":24,"minecraft:cobblestone_stairs":12,"minecraft:stone":17,"minecraft:lever":1,"minecraft:bookshelf":22,"minecraft:cooked_mutton":16,"minecraft:bamboo_block":256,"minecraft:glass":120,"minecraft:hopper":15,"minecraft:repeater":2,"minecraft:bow":4,"minecraft:iron_boots":3,"minecraft:comparator":1,"minecraft:chest":38,"minecraft:oak_button":3,"minecraft:rail":208,"minecraft:dried_kelp_block":78,"minecraft:birch_button":3,"minecraft:stone_hoe":3,"minecraft:oak_fence":81,"minecraft:raw_iron_block":26,"minecraft:smoker":2,"minecraft:glass_bottle":15,"minecraft:oak_slab":78,"minecraft:emerald":16,"minecraft:cauldron":3,"minecraft:crafting_table":8,"minecraft:wooden_pickaxe":1,"minecraft:baked_potato":355,"minecraft:iron_helmet":3,"minecraft:raw_gold_block":1,"minecraft:brewing_stand":1,"minecraft:birch_planks":252,"minecraft:dispenser":5,"minecraft:bamboo_planks":408,"minecraft:lectern":1,"minecraft:charcoal":3,"minecraft:book":71,"minecraft:iron_chestplate":2,"minecraft:paper":258,"minecraft:diamond_pickaxe":3,"minecraft:shield":3,"minecraft:stick":316,"minecraft:iron_ingot":405,"minecraft:iron_pickaxe":3,"minecraft:iron_block":66,"minecraft:stone_sword":2,"minecraft:snow_block":15,"minecraft:gold_ingot":82,"minecraft:redstone_torch":75,"minecraft:composter":10,"minecraft:shears":2,"minecraft:jungle_sign":3,"minecraft:oak_door":6,"minecraft:redstone":234,"minecraft:raw_iron":234,"minecraft:stone_shovel":2,"minecraft:fishing_rod":1,"minecraft:beehive":6,"minecraft:pointed_dripstone":2,"minecraft:furnace":7,"minecraft:bamboo_button":3,"minecraft:bamboo_sign":9,"minecraft:jungle_trapdoor":2,"minecraft:bone_meal":180,"minecraft:oak_trapdoor":2,"minecraft:glass_pane":32,"minecraft:flint_and_steel":1,"minecraft:iron_axe":7,"minecraft:ladder":6,"minecraft:stone_pickaxe":1,"minecraft:redstone_block":60,"minecraft:birch_sign":3,"minecraft:minecart":3,"minecraft:observer":11,"minecraft:cooked_beef":35,"minecraft:sugar":3,"minecraft:cooked_cod":8,"minecraft:enchanting_table":1,"minecraft:dried_kelp":786,"minecraft:powered_rail":54,"minecraft:iron_sword":3,"minecraft:cooked_salmon":5,"minecraft:bucket":3,"minecraft:stone_axe":4,"minecraft:bread":8,"minecraft:air":0,"minecraft:jungle_planks":76,"minecraft:oak_fence_gate":1,"minecraft:oak_boat":5,"minecraft:white_wool":7,"minecraft:golden_apple":2,"minecraft:fermented_spider_eye":3,"minecraft:birch_trapdoor":4,"minecraft:iron_shovel":4,"minecraft:iron_leggings":3,"minecraft:anvil":3,"minecraft:white_bed":15,"minecraft:torch":460,"minecraft:bamboo_trapdoor":6,"minecraft:lapis_lazuli":9,"minecraft:lapis_block":24},"minecraft:used":{"minecraft:peony":3,"minecraft:iron_shovel":999,"minecraft:dispenser":7,"minecraft:poppy":4,"minecraft:bamboo_sign":9,"minecraft:ladder":6,"minecraft:oak_sign":69,"minecraft:chest":31,"minecraft:shield":199,"minecraft:stone":1,"minecraft:iron_sword":654,"minecraft:nether_wart":50,"minecraft:rotten_flesh":8,"minecraft:iron_chestplate":8,"minecraft:soul_sand":12,"minecraft:cocoa_beans":116,"minecraft:nether_bricks":33,"minecraft:carrot":550,"minecraft:tuff":2,"minecraft:snowball":3,"minecraft:milk_bucket":5,"minecraft:honey_bottle":2,"minecraft:obsidian":10,"minecraft:glass":85,"minecraft:lava_bucket":68,"minecraft:iron_helmet":7,"minecraft:stone_brick_stairs":2,"minecraft:stone_bricks":4,"minecraft:birch_button":12,"minecraft:repeater":8,"minecraft:bow":19,"minecraft:sweet_berries":23,"minecraft:furnace":7,"minecraft:cooked_cod":8,"minecraft:potato":551,"minecraft:bamboo_trapdoor":6,"minecraft:diorite":2,"minecraft:stone_pickaxe":131,"minecraft:powered_rail":90,"minecraft:oak_planks":784,"minecraft:cactus":5,"minecraft:wooden_pickaxe":40,"minecraft:mossy_stone_brick_stairs":3,"minecraft:redstone_block":1,"minecraft:composter":20,"minecraft:sugar_cane":36,"minecraft:white_wool":5,"minecraft:golden_apple":2,"minecraft:golden_hoe":11,"minecraft:sand":12,"minecraft:bamboo_button":6,"minecraft:redstone_torch":93,"minecraft:lever":1,"minecraft:bread":10,"minecraft:birch_slab":5,"minecraft:lectern":2,"minecraft:gravel":39,"minecraft:lilac":12,"minecraft:golden_helmet":1,"minecraft:jungle_sign":3,"minecraft:andesite":6,"minecraft:oak_boat":25,"minecraft:bone_meal":180,"minecraft:oak_fence":99,"minecraft:oak_trapdoor":3,"minecraft:stone_sword":132,"minecraft:rose_bush":18,"minecraft:enchanting_table":2,"minecraft:flint_and_steel":6,"minecraft:stone_shovel":225,"minecraft:dried_kelp":78,"minecraft:redstone":88,"minecraft:cooked_salmon":9,"minecraft:stone_hoe":329,"minecraft:cooked_chicken":25,"minecraft:netherrack":84,"minecraft:oak_door":29,"minecraft:torch":490,"minecraft:brewing_stand":1,"minecraft:dirt":678,"minecraft:anvil":2,"minecraft:hopper":19,"minecraft:golden_chestplate":1,"minecraft:jungle_trapdoor":5,"minecraft:oak_fence_gate":1,"minecraft:bookshelf":21,"minecraft:iron_axe":1504,"minecraft:jungle_log":15,"minecraft:iron_boots":9,"minecraft:bamboo":37,"minecraft:basalt":18,"minecraft:soul_soil":16,"minecraft:minecart":32,"minecraft:observer":3,"minecraft:cobbled_deepslate":61,"minecraft:iron_leggings":4,"minecraft:bamboo_planks":218,"minecraft:pointed_dripstone":2,"minecraft:wheat_seeds":713,"minecraft:cooked_mutton":16,"minecraft:water_bucket":295,"minecraft:cobblestone_stairs":14,"minecraft:birch_planks":185,"minecraft:glass_bottle":9,"minecraft:baked_potato":186,"minecraft:cauldron":4,"minecraft:cobblestone_slab":402,"minecraft:leather_boots":3,"minecraft:comparator":2,"minecraft:rail":730,"minecraft:crafting_table":47,"minecraft:oak_slab":34,"minecraft:birch_sign":3,"minecraft:white_bed":28,"minecraft:smoker":2,"minecraft:oak_log":105,"minecraft:diamond_pickaxe":3326,"minecraft:oak_button":9,"minecraft:iron_pickaxe":862,"minecraft:golden_leggings":5,"minecraft:stone_axe":451,"minecraft:fishing_rod":104,"minecraft:cobblestone":1890,"minecraft:bucket":366,"minecraft:glass_pane":20,"minecraft:kelp":23,"minecraft:splash_potion":2},"minecraft:picked_up":{"minecraft:iron_chestplate":2,"minecraft:wheat":627,"minecraft:redstone_block":1,"minecraft:nether_brick_fence":4,"minecraft:lead":25,"minecraft:birch_button":12,"minecraft:stone_brick_stairs":2,"minecraft:string":58,"minecraft:soul_soil":41,"minecraft:raw_copper":22,"minecraft:iron_leggings":1,"minecraft:pufferfish":6,"minecraft:oak_sign":44,"minecraft:gold_nugget":18,"minecraft:cobbled_deepslate":61,"minecraft:comparator":1,"minecraft:redstone_torch":42,"minecraft:rose_bush":29,"minecraft:cobblestone_slab":194,"minecraft:iron_pickaxe":3,"minecraft:melon_slice":14,"minecraft:iron_boots":2,"minecraft:furnace":5,"minecraft:golden_helmet":3,"minecraft:stick":65,"minecraft:composter":14,"minecraft:oak_fence":21,"minecraft:torch":26,"minecraft:porkchop":10,"minecraft:dried_kelp":9,"minecraft:diorite":2,"minecraft:golden_chestplate":3,"minecraft:cauldron":2,"minecraft:stone_sword":3,"minecraft:cactus":17,"minecraft:rotten_flesh":397,"minecraft:bookshelf":21,"minecraft:enchanting_table":1,"minecraft:blaze_rod":8,"minecraft:obsidian":20,"minecraft:cod":37,"minecraft:iron_bars":2,"minecraft:snowball":62,"minecraft:cobblestone":2718,"minecraft:nautilus_shell":1,"minecraft:birch_log":145,"minecraft:magma_block":3,"minecraft:cooked_beef":9,"minecraft:lilac":24,"minecraft:repeater":7,"minecraft:magma_cream":1,"minecraft:jungle_log":45,"minecraft:birch_slab":3,"minecraft:andesite":76,"minecraft:golden_leggings":3,"minecraft:potato":1500,"minecraft:flint":10,"minecraft:tuff":6,"minecraft:dirt":852,"minecraft:lapis_lazuli":353,"minecraft:name_tag":2,"minecraft:leather_boots":3,"minecraft:bone":76,"minecraft:bow":8,"minecraft:wheat_seeds":1713,"minecraft:raw_gold":70,"minecraft:mossy_stone_bricks":1,"minecraft:bamboo":2864,"minecraft:powered_rail":35,"minecraft:honeycomb":27,"minecraft:oak_planks":171,"minecraft:mossy_stone_brick_stairs":3,"minecraft:poisonous_potato":11,"minecraft:sand":139,"minecraft:nether_brick_stairs":1,"minecraft:ink_sac":2,"minecraft:grass_block":1,"minecraft:mossy_cobblestone":50,"minecraft:dispenser":2,"minecraft:diamond":27,"minecraft:lever":1,"minecraft:granite":2,"minecraft:golden_apple":6,"minecraft:bread":6,"minecraft:oak_sapling":80,"minecraft:netherrack":112,"minecraft:crimson_roots":1,"minecraft:cocoa_beans":306,"minecraft:crafting_table":45,"minecraft:ominous_bottle":1,"minecraft:chicken":1,"minecraft:nether_wart":178,"minecraft:chest_minecart":4,"minecraft:brown_mushroom":20,"minecraft:gold_block":2,"minecraft:shield":2,"minecraft:jungle_trapdoor":1,"minecraft:oak_trapdoor":1,"minecraft:iron_axe":3,"minecraft:beef":47,"minecraft:oak_boat":24,"minecraft:observer":3,"minecraft:poppy":12,"minecraft:minecart":32,"minecraft:lectern":1,"minecraft:chest":7,"minecraft:sugar_cane":574,"minecraft:birch_sapling":17,"minecraft:egg":18,"minecraft:raw_iron":337,"minecraft:sandstone":2,"minecraft:oak_door":24,"minecraft:copper_ingot":5,"minecraft:bowl":3,"minecraft:carrot":1375,"minecraft:redstone":570,"minecraft:jungle_sign":2,"minecraft:bamboo_button":3,"minecraft:arrow":45,"minecraft:peony":5,"minecraft:nether_bricks":38,"minecraft:saddle":1,"minecraft:mutton":29,"minecraft:rail":508,"minecraft:white_wool":45,"minecraft:basalt":24,"minecraft:glow_ink_sac":6,"minecraft:salmon":28,"minecraft:leather":44,"minecraft:music_disc_stal":1,"minecraft:red_mushroom":12,"minecraft:filled_map":3,"minecraft:birch_planks":1,"minecraft:oak_log":558,"minecraft:gunpowder":26,"minecraft:cobblestone_stairs":3,"minecraft:white_banner":1,"minecraft:apple":9,"minecraft:stone_bricks":5,"minecraft:kelp":1220,"minecraft:iron_ingot":39,"minecraft:soul_sand":208,"minecraft:iron_sword":2,"minecraft:oak_slab":12,"minecraft:bamboo_planks":8,"minecraft:pumpkin":7,"minecraft:sweet_berries":116,"minecraft:quartz":35,"minecraft:gravel":112,"minecraft:white_bed":18,"minecraft:spider_eye":9,"minecraft:slime_ball":26,"minecraft:stone_axe":3,"minecraft:short_grass":2,"minecraft:iron_helmet":2,"minecraft:birch_sign":1,"minecraft:gray_wool":3,"minecraft:oak_button":7,"minecraft:baked_potato":30,"minecraft:coal":158,"minecraft:hopper":6,"minecraft:ender_pearl":1},"minecraft:mined":{"minecraft:white_bed":18,"minecraft:cobblestone_stairs":3,"minecraft:jungle_leaves":7,"minecraft:obsidian":20,"minecraft:granite":2,"minecraft:grass_block":439,"minecraft:jungle_log":45,"minecraft:soul_soil":39,"minecraft:composter":13,"minecraft:hopper":6,"minecraft:oak_wall_sign":16,"minecraft:nether_wart":80,"minecraft:tall_seagrass":11,"minecraft:magma_block":3,"minecraft:iron_ore":214,"minecraft:fire":15,"minecraft:pumpkin":7,"minecraft:deepslate_lapis_ore":37,"minecraft:nether_brick_stairs":1,"minecraft:enchanting_table":1,"minecraft:oak_sign":2,"minecraft:iron_bars":2,"minecraft:birch_wall_sign":1,"minecraft:jungle_trapdoor":4,"minecraft:deepslate_redstone_ore":95,"minecraft:brown_mushroom":4,"minecraft:kelp_plant":128,"minecraft:soul_fire":21,"minecraft:powder_snow":15,"minecraft:torch":7,"minecraft:poppy":5,"minecraft:melon":3,"minecraft:chest":8,"minecraft:mushroom_stem":17,"minecraft:nether_quartz_ore":30,"minecraft:glass":2,"minecraft:cobblestone":713,"minecraft:sugar_cane":453,"minecraft:oak_planks":87,"minecraft:wall_torch":11,"minecraft:cauldron":2,"minecraft:seagrass":13,"minecraft:repeater":7,"minecraft:powered_rail":33,"minecraft:bamboo_planks":8,"minecraft:birch_log":146,"minecraft:wheat":624,"minecraft:lilac":25,"minecraft:stone_brick_stairs":2,"minecraft:oak_log":553,"minecraft:sand":139,"minecraft:birch_button":6,"minecraft:dirt":351,"minecraft:red_mushroom_block":41,"minecraft:dispenser":2,"minecraft:netherrack":110,"minecraft:oak_leaves":127,"minecraft:deepslate":42,"minecraft:suspicious_gravel":1,"minecraft:nether_gold_ore":3,"minecraft:diamond_ore":4,"minecraft:tuff":3,"minecraft:mossy_cobblestone":48,"minecraft:dark_oak_leaves":1,"minecraft:deepslate_diamond_ore":23,"minecraft:oak_door":23,"minecraft:lever":1,"minecraft:nether_bricks":36,"minecraft:crimson_roots":1,"minecraft:redstone_wire":73,"minecraft:brown_mushroom_block":45,"minecraft:birch_slab":3,"minecraft:spruce_leaves":4,"minecraft:kelp":37,"minecraft:sandstone":2,"minecraft:redstone_ore":15,"minecraft:oak_trapdoor":1,"minecraft:furnace":5,"minecraft:carrots":387,"minecraft:snow":8,"minecraft:andesite":76,"minecraft:peony":5,"minecraft:gold_block":2,"minecraft:nether_brick_fence":2,"minecraft:mossy_stone_brick_stairs":3,"minecraft:bookshelf":21,"minecraft:potatoes":467,"minecraft:cobblestone_slab":166,"minecraft:deepslate_iron_ore":123,"minecraft:vine":10,"minecraft:rail":504,"minecraft:bamboo":286,"minecraft:stone":1731,"minecraft:white_wool":5,"minecraft:redstone_wall_torch":4,"minecraft:oak_slab":12,"minecraft:redstone_block":1,"minecraft:comparator":1,"minecraft:soul_sand":222,"minecraft:snow_block":14,"minecraft:basalt":22,"minecraft:observer":3,"minecraft:oak_fence":23,"minecraft:crafting_table":45,"minecraft:short_grass":54,"minecraft:rose_bush":27,"minecraft:lectern":1,"minecraft:copper_ore":7,"minecraft:tall_grass":8,"minecraft:deepslate_coal_ore":6,"minecraft:deepslate_gold_ore":59,"minecraft:lapis_ore":7,"minecraft:diorite":2,"minecraft:birch_planks":1,"minecraft:cactus":3,"minecraft:redstone_torch":12,"minecraft:sweet_berry_bush":1,"minecraft:birch_leaves":11,"minecraft:coal_ore":134,"minecraft:cocoa":97,"minecraft:gravel":128,"minecraft:cobweb":6,"minecraft:cracked_stone_bricks":1,"minecraft:oak_button":4,"minecraft:stone_bricks":5,"minecraft:mossy_stone_bricks":2,"minecraft:gold_ore":9,"minecraft:jungle_wall_sign":1},"minecraft:killed_by":{"minecraft:wither_skeleton":3,"minecraft:blaze":2},"minecraft:killed":{"minecraft:cave_spider":1,"minecraft:zombified_piglin":1,"minecraft:spider":40,"minecraft:cod":1,"minecraft:skeleton":51,"minecraft:magma_cube":9,"minecraft:pig":7,"minecraft:zombie_villager":2,"minecraft:salmon":11,"minecraft:iron_golem":3,"minecraft:creeper":24,"minecraft:sheep":18,"minecraft:trader_llama":2,"minecraft:pillager":3,"minecraft:zombie":354,"minecraft:blaze":11,"minecraft:cow":37,"minecraft:slime":38,"minecraft:drowned":32,"minecraft:rabbit":1,"minecraft:wandering_trader":1,"minecraft:wither_skeleton":28,"minecraft:villager":7,"minecraft:enderman":3},"minecraft:custom":{"minecraft:animals_bred":215,"minecraft:interact_with_crafting_table":262,"minecraft:leave_game":18,"minecraft:time_since_death":1056133,"minecraft:sprint_one_cm":3022512,"minecraft:damage_blocked_by_shield":6166,"minecraft:drop":46,"minecraft:talked_to_villager":62,"minecraft:play_time":1351659,"minecraft:deaths":5,"minecraft:jump":15757,"minecraft:interact_with_brewingstand":15,"minecraft:walk_on_water_one_cm":402473,"minecraft:enchant_item":10,"minecraft:interact_with_furnace":256,"minecraft:traded_with_villager":18,"minecraft:sleep_in_bed":70,"minecraft:damage_dealt":71445,"minecraft:crouch_one_cm":272168,"minecraft:interact_with_smoker":47,"minecraft:use_cauldron":2,"minecraft:inspect_dispenser":29,"minecraft:horse_one_cm":74,"minecraft:mob_kills":696,"minecraft:interact_with_anvil":29,"minecraft:inspect_hopper":8,"minecraft:climb_one_cm":14167,"minecraft:walk_one_cm":4505793,"minecraft:sneak_time":76887,"minecraft:walk_under_water_one_cm":269982,"minecraft:boat_one_cm":595600,"minecraft:total_world_time":1351659,"minecraft:time_since_rest":10589,"minecraft:damage_taken":10846,"minecraft:damage_absorbed":80,"minecraft:minecart_one_cm":921463,"minecraft:swim_one_cm":737270,"minecraft:fly_one_cm":2965960,"minecraft:open_chest":1165,"minecraft:fish_caught":63,"minecraft:fall_one_cm":281339},"minecraft:broken":{"minecraft:iron_boots":1,"minecraft:stone_pickaxe":1,"minecraft:stone_axe":3,"minecraft:iron_sword":1,"minecraft:stone_shovel":1,"minecraft:stone_sword":1,"minecraft:stone_hoe":1,"minecraft:iron_axe":2,"minecraft:iron_pickaxe":1,"minecraft:iron_helmet":1},"minecraft:dropped":{"minecraft:baked_potato":26,"minecraft:cod":1,"minecraft:dirt":13,"minecraft:bone":1,"minecraft:gravel":2,"minecraft:stone_axe":2,"minecraft:wheat":143,"minecraft:carrot":827,"minecraft:birch_button":3,"minecraft:arrow":2,"minecraft:egg":1,"minecraft:iron_ingot":8,"minecraft:wheat_seeds":1,"minecraft:cobblestone":1,"minecraft:dried_kelp":1,"minecraft:string":1,"minecraft:composter":1,"minecraft:filled_map":2,"minecraft:cobblestone_slab":24,"minecraft:potato":228,"minecraft:oak_button":1,"minecraft:spider_eye":1,"minecraft:sandstone":2}},"DataVersion":3953}