{"stats":{"minecraft:mined":{"minecraft:white_bed":22,"minecraft:farmland":1,"minecraft:cobblestone_stairs":12,"minecraft:jungle_leaves":7,"minecraft:brewing_stand":1,"minecraft:obsidian":20,"minecraft:granite":11,"minecraft:grass_block":459,"minecraft:jungle_log":45,"minecraft:soul_soil":39,"minecraft:composter":15,"minecraft:hopper":9,"minecraft:oak_wall_sign":19,"minecraft:nether_wart":130,"minecraft:tall_seagrass":11,"minecraft:magma_block":21,"minecraft:cobbled_deepslate":4,"minecraft:iron_ore":214,"minecraft:barrel":3,"minecraft:fire":137,"minecraft:pumpkin":7,"minecraft:deepslate_lapis_ore":44,"minecraft:anvil":2,"minecraft:nether_brick_stairs":1,"minecraft:enchanting_table":2,"minecraft:pointed_dripstone":1,"minecraft:oak_sign":2,"minecraft:iron_bars":2,"minecraft:birch_wall_sign":1,"minecraft:jungle_trapdoor":4,"minecraft:deepslate_redstone_ore":118,"minecraft:brown_mushroom":4,"minecraft:blackstone":8,"minecraft:kelp_plant":132,"minecraft:soul_fire":29,"minecraft:powder_snow":15,"minecraft:torch":11,"minecraft:poppy":5,"minecraft:melon":3,"minecraft:chest":11,"minecraft:mushroom_stem":17,"minecraft:nether_quartz_ore":88,"minecraft:glass":3,"minecraft:cobblestone":1041,"minecraft:sugar_cane":805,"minecraft:oak_planks":398,"minecraft:wall_torch":66,"minecraft:cauldron":5,"minecraft:seagrass":13,"minecraft:repeater":13,"minecraft:powered_rail":33,"minecraft:bamboo_planks":78,"minecraft:birch_log":165,"minecraft:wheat":1061,"minecraft:birch_trapdoor":2,"minecraft:lilac":26,"minecraft:stone_brick_stairs":2,"minecraft:oak_log":618,"minecraft:sand":139,"minecraft:birch_button":6,"minecraft:dirt":478,"minecraft:ancient_debris":9,"minecraft:red_mushroom_block":41,"minecraft:dispenser":4,"minecraft:netherrack":477,"minecraft:piston":4,"minecraft:oak_leaves":141,"minecraft:deepslate":140,"minecraft:suspicious_gravel":1,"minecraft:nether_gold_ore":38,"minecraft:diamond_ore":4,"minecraft:tuff":6,"minecraft:mossy_cobblestone":48,"minecraft:dark_oak_leaves":1,"minecraft:deepslate_diamond_ore":62,"minecraft:oak_door":23,"minecraft:glow_lichen":1,"minecraft:lever":1,"minecraft:nether_bricks":36,"minecraft:crimson_roots":1,"minecraft:redstone_wire":162,"minecraft:brown_mushroom_block":45,"minecraft:birch_slab":5,"minecraft:spruce_leaves":4,"minecraft:kelp":50,"minecraft:sandstone":2,"minecraft:redstone_ore":15,"minecraft:oak_trapdoor":1,"minecraft:furnace":7,"minecraft:carrots":789,"minecraft:snow":8,"minecraft:andesite":107,"minecraft:peony":6,"minecraft:gold_block":2,"minecraft:nether_brick_fence":2,"minecraft:mossy_stone_brick_stairs":3,"minecraft:bookshelf":22,"minecraft:potatoes":866,"minecraft:cobblestone_slab":220,"minecraft:deepslate_iron_ore":123,"minecraft:vine":10,"minecraft:rail":555,"minecraft:bamboo":316,"minecraft:stone":2698,"minecraft:white_wool":5,"minecraft:redstone_wall_torch":13,"minecraft:smithing_table":1,"minecraft:oak_slab":12,"minecraft:redstone_block":1,"minecraft:comparator":1,"minecraft:soul_sand":279,"minecraft:snow_block":14,"minecraft:basalt":40,"minecraft:observer":17,"minecraft:oak_fence":41,"minecraft:crafting_table":59,"minecraft:short_grass":55,"minecraft:rose_bush":28,"minecraft:bamboo_button":1,"minecraft:lectern":289,"minecraft:copper_ore":7,"minecraft:tall_grass":8,"minecraft:deepslate_coal_ore":6,"minecraft:deepslate_gold_ore":74,"minecraft:lapis_ore":10,"minecraft:diorite":108,"minecraft:birch_planks":3,"minecraft:cactus":3,"minecraft:redstone_torch":13,"minecraft:sweet_berry_bush":1,"minecraft:birch_leaves":11,"minecraft:coal_ore":188,"minecraft:cocoa":108,"minecraft:gravel":251,"minecraft:cobweb":69,"minecraft:cracked_stone_bricks":1,"minecraft:oak_button":4,"minecraft:stone_bricks":5,"minecraft:mossy_stone_bricks":2,"minecraft:gold_ore":9,"minecraft:jungle_wall_sign":1},"minecraft:crafted":{"minecraft:oak_planks":1912,"minecraft:cobblestone_slab":318,"minecraft:barrel":1,"minecraft:oak_sign":51,"minecraft:cactus":1,"minecraft:blaze_powder":2,"minecraft:cooked_chicken":20,"minecraft:birch_slab":42,"minecraft:cobblestone_stairs":20,"minecraft:stone":117,"minecraft:lever":3,"minecraft:nether_brick":2,"minecraft:bookshelf":41,"minecraft:cooked_mutton":16,"minecraft:bamboo_block":497,"minecraft:glass":120,"minecraft:hopper":41,"minecraft:repeater":8,"minecraft:bow":8,"minecraft:iron_boots":4,"minecraft:comparator":1,"minecraft:chest":80,"minecraft:oak_button":3,"minecraft:rail":208,"minecraft:dried_kelp_block":143,"minecraft:birch_button":3,"minecraft:stone_hoe":3,"minecraft:oak_fence":81,"minecraft:raw_iron_block":26,"minecraft:smoker":2,"minecraft:oak_slab":78,"minecraft:glass_bottle":15,"minecraft:emerald":207,"minecraft:arrow":136,"minecraft:cauldron":4,"minecraft:crafting_table":16,"minecraft:wooden_pickaxe":1,"minecraft:baked_potato":368,"minecraft:iron_helmet":4,"minecraft:raw_gold_block":2,"minecraft:smithing_table":1,"minecraft:birch_planks":448,"minecraft:brewing_stand":2,"minecraft:dispenser":5,"minecraft:bamboo_planks":610,"minecraft:lectern":2,"minecraft:charcoal":3,"minecraft:book":150,"minecraft:iron_chestplate":3,"minecraft:paper":978,"minecraft:diamond_pickaxe":3,"minecraft:shield":3,"minecraft:stick":412,"minecraft:iron_ingot":702,"minecraft:iron_pickaxe":8,"minecraft:iron_block":336,"minecraft:stone_sword":3,"minecraft:snow_block":15,"minecraft:gold_ingot":140,"minecraft:netherite_ingot":2,"minecraft:redstone_torch":75,"minecraft:composter":10,"minecraft:shears":2,"minecraft:jungle_sign":3,"minecraft:oak_door":6,"minecraft:raw_iron":234,"minecraft:redstone":405,"minecraft:stone_shovel":2,"minecraft:fishing_rod":2,"minecraft:beehive":6,"minecraft:pointed_dripstone":2,"minecraft:furnace":8,"minecraft:bamboo_button":5,"minecraft:piston":28,"minecraft:bamboo_sign":9,"minecraft:jungle_trapdoor":2,"minecraft:bone_meal":216,"minecraft:diamond_block":9,"minecraft:glass_pane":32,"minecraft:oak_trapdoor":2,"minecraft:flint_and_steel":1,"minecraft:scaffolding":168,"minecraft:iron_axe":10,"minecraft:ladder":6,"minecraft:stone_pickaxe":1,"minecraft:chiseled_bookshelf":1,"minecraft:redstone_block":73,"minecraft:honey_block":1,"minecraft:netherite_scrap":9,"minecraft:birch_sign":6,"minecraft:minecart":3,"minecraft:observer":31,"minecraft:cooked_beef":35,"minecraft:sugar":3,"minecraft:cooked_cod":8,"minecraft:iron_trapdoor":3,"minecraft:enchanting_table":2,"minecraft:dried_kelp":1050,"minecraft:powered_rail":54,"minecraft:iron_sword":8,"minecraft:cooked_salmon":5,"minecraft:bucket":6,"minecraft:stone_axe":4,"minecraft:enchanted_book":8,"minecraft:bread":16,"minecraft:air":0,"minecraft:jungle_planks":76,"minecraft:oak_fence_gate":1,"minecraft:oak_boat":5,"minecraft:white_wool":8,"minecraft:golden_apple":2,"minecraft:fermented_spider_eye":3,"minecraft:birch_trapdoor":6,"minecraft:iron_shovel":4,"minecraft:iron_leggings":4,"minecraft:anvil":4,"minecraft:white_bed":20,"minecraft:torch":508,"minecraft:bamboo_trapdoor":6,"minecraft:lapis_lazuli":9,"minecraft:lapis_block":31},"minecraft:broken":{"minecraft:iron_boots":1,"minecraft:golden_leggings":1,"minecraft:stone_pickaxe":1,"minecraft:stone_axe":3,"minecraft:iron_sword":1,"minecraft:stone_shovel":1,"minecraft:stone_sword":1,"minecraft:stone_hoe":1,"minecraft:iron_axe":2,"minecraft:iron_pickaxe":2,"minecraft:iron_helmet":1},"minecraft:killed":{"minecraft:cave_spider":1525,"minecraft:zombified_piglin":1,"minecraft:spider":43,"minecraft:cod":1,"minecraft:skeleton":64,"minecraft:chicken":1,"minecraft:magma_cube":9,"minecraft:pig":8,"minecraft:zombie_villager":3,"minecraft:salmon":11,"minecraft:iron_golem":3,"minecraft:creeper":29,"minecraft:sheep":18,"minecraft:trader_llama":2,"minecraft:pillager":17,"minecraft:zombie":999,"minecraft:blaze":22,"minecraft:cow":37,"minecraft:vindicator":3,"minecraft:slime":42,"minecraft:drowned":62,"minecraft:rabbit":1,"minecraft:bat":2,"minecraft:wandering_trader":1,"minecraft:ravager":2,"minecraft:hoglin":1,"minecraft:wither_skeleton":32,"minecraft:villager":8,"minecraft:enderman":7},"minecraft:custom":{"minecraft:animals_bred":355,"minecraft:interact_with_crafting_table":432,"minecraft:open_barrel":2,"minecraft:leave_game":26,"minecraft:time_since_death":739741,"minecraft:sprint_one_cm":4167668,"minecraft:damage_blocked_by_shield":7501,"minecraft:drop":139,"minecraft:talked_to_villager":488,"minecraft:play_time":2268294,"minecraft:deaths":6,"minecraft:jump":23256,"minecraft:interact_with_brewingstand":18,"minecraft:walk_on_water_one_cm":617300,"minecraft:enchant_item":30,"minecraft:interact_with_furnace":310,"minecraft:traded_with_villager":217,"minecraft:sleep_in_bed":108,"minecraft:damage_dealt":181737,"minecraft:crouch_one_cm":358834,"minecraft:interact_with_smoker":120,"minecraft:use_cauldron":18,"minecraft:inspect_dispenser":62,"minecraft:horse_one_cm":74,"minecraft:interact_with_smithing_table":3,"minecraft:mob_kills":2968,"minecraft:interact_with_anvil":84,"minecraft:inspect_hopper":98,"minecraft:climb_one_cm":24272,"minecraft:walk_one_cm":6835482,"minecraft:raid_win":1,"minecraft:sneak_time":107058,"minecraft:walk_under_water_one_cm":454480,"minecraft:boat_one_cm":595600,"minecraft:total_world_time":2268294,"minecraft:raid_trigger":1,"minecraft:time_since_rest":32605,"minecraft:damage_taken":14333,"minecraft:damage_absorbed":80,"minecraft:minecart_one_cm":1280308,"minecraft:swim_one_cm":910090,"minecraft:fly_one_cm":3992583,"minecraft:open_chest":2404,"minecraft:fish_caught":69,"minecraft:fall_one_cm":421031},"minecraft:dropped":{"minecraft:soul_sand":19,"minecraft:baked_potato":26,"minecraft:glass_bottle":1,"minecraft:cod":1,"minecraft:dirt":14,"minecraft:gold_nugget":8,"minecraft:gold_ingot":27,"minecraft:stone_axe":2,"minecraft:bone":2,"minecraft:gravel":10,"minecraft:nether_brick":11,"minecraft:wheat":242,"minecraft:rotten_flesh":84,"minecraft:carrot":1226,"minecraft:gunpowder":5,"minecraft:birch_button":3,"minecraft:arrow":2,"minecraft:netherrack":95,"minecraft:crying_obsidian":2,"minecraft:egg":271,"minecraft:iron_ingot":8,"minecraft:wheat_seeds":1,"minecraft:cobblestone":1,"minecraft:potion":2,"minecraft:dried_kelp":1,"minecraft:string":5,"minecraft:redstone":4,"minecraft:bucket":1,"minecraft:tuff":3,"minecraft:composter":1,"minecraft:filled_map":2,"minecraft:potato":228,"minecraft:cobblestone_slab":26,"minecraft:oak_button":1,"minecraft:spider_eye":3,"minecraft:bamboo":1,"minecraft:sandstone":2},"minecraft:killed_by":{"minecraft:wither_skeleton":4,"minecraft:blaze":2},"minecraft:used":{"minecraft:peony":4,"minecraft:iron_shovel":1259,"minecraft:poppy":7,"minecraft:dispenser":9,"minecraft:bamboo_sign":10,"minecraft:ladder":6,"minecraft:oak_sign":94,"minecraft:chest":50,"minecraft:shield":228,"minecraft:stone":1,"minecraft:iron_sword":2634,"minecraft:nether_wart":100,"minecraft:rotten_flesh":8,"minecraft:iron_chestplate":9,"minecraft:soul_sand":42,"minecraft:cocoa_beans":128,"minecraft:nether_bricks":33,"minecraft:carrot":957,"minecraft:tuff":2,"minecraft:snowball":3,"minecraft:milk_bucket":6,"minecraft:honey_bottle":4,"minecraft:obsidian":10,"minecraft:glass":93,"minecraft:lava_bucket":85,"minecraft:grass_block":1,"minecraft:iron_helmet":8,"minecraft:stone_brick_stairs":2,"minecraft:stone_bricks":4,"minecraft:birch_trapdoor":4,"minecraft:birch_button":12,"minecraft:repeater":22,"minecraft:bow":66,"minecraft:ominous_bottle":1,"minecraft:sweet_berries":23,"minecraft:furnace":9,"minecraft:cooked_cod":8,"minecraft:egg":5,"minecraft:potato":950,"minecraft:diorite":74,"minecraft:bamboo_trapdoor":6,"minecraft:stone_pickaxe":131,"minecraft:powered_rail":90,"minecraft:oak_planks":1058,"minecraft:blackstone":2,"minecraft:cactus":5,"minecraft:wooden_pickaxe":40,"minecraft:mossy_stone_brick_stairs":3,"minecraft:redstone_block":1,"minecraft:composter":22,"minecraft:sugar_cane":53,"minecraft:white_wool":6,"minecraft:golden_apple":2,"minecraft:golden_hoe":11,"minecraft:sand":12,"minecraft:bamboo_button":9,"minecraft:redstone_torch":104,"minecraft:lever":3,"minecraft:bread":10,"minecraft:birch_slab":9,"minecraft:lectern":291,"minecraft:gravel":56,"minecraft:lilac":12,"minecraft:golden_helmet":1,"minecraft:jungle_sign":6,"minecraft:smithing_table":2,"minecraft:andesite":17,"minecraft:oak_boat":25,"minecraft:air":16,"minecraft:bone_meal":216,"minecraft:oak_fence":103,"minecraft:oak_trapdoor":3,"minecraft:stone_sword":199,"minecraft:rose_bush":18,"minecraft:enchanting_table":4,"minecraft:flint_and_steel":8,"minecraft:stone_shovel":225,"minecraft:dried_kelp":84,"minecraft:redstone":345,"minecraft:cooked_salmon":9,"minecraft:stone_hoe":330,"minecraft:cooked_chicken":40,"minecraft:netherrack":297,"minecraft:oak_door":29,"minecraft:torch":695,"minecraft:brewing_stand":2,"minecraft:anvil":6,"minecraft:dirt":833,"minecraft:hopper":48,"minecraft:golden_chestplate":1,"minecraft:jungle_trapdoor":5,"minecraft:oak_fence_gate":1,"minecraft:bookshelf":60,"minecraft:iron_axe":2413,"minecraft:jungle_log":15,"minecraft:iron_boots":10,"minecraft:barrel":4,"minecraft:bamboo":71,"minecraft:basalt":31,"minecraft:iron_trapdoor":3,"minecraft:soul_soil":16,"minecraft:minecart":38,"minecraft:observer":45,"minecraft:iron_leggings":4,"minecraft:cobbled_deepslate":124,"minecraft:bamboo_planks":378,"minecraft:pointed_dripstone":3,"minecraft:wheat_seeds":1179,"minecraft:cooked_mutton":16,"minecraft:chiseled_bookshelf":1,"minecraft:water_bucket":371,"minecraft:cobblestone_stairs":26,"minecraft:birch_planks":187,"minecraft:glass_bottle":25,"minecraft:baked_potato":284,"minecraft:cauldron":7,"minecraft:cobblestone_slab":490,"minecraft:leather_boots":3,"minecraft:mossy_cobblestone":48,"minecraft:comparator":2,"minecraft:rail":730,"minecraft:crafting_table":68,"minecraft:oak_slab":35,"minecraft:birch_sign":7,"minecraft:white_bed":36,"minecraft:book":2,"minecraft:smoker":2,"minecraft:oak_log":105,"minecraft:diamond_pickaxe":3371,"minecraft:piston":28,"minecraft:oak_button":9,"minecraft:iron_pickaxe":3200,"minecraft:golden_leggings":5,"minecraft:stone_axe":451,"minecraft:enchanted_book":4,"minecraft:fishing_rod":114,"minecraft:cobblestone":2622,"minecraft:potion":18,"minecraft:bucket":475,"minecraft:glass_pane":22,"minecraft:kelp":42,"minecraft:splash_potion":2},"minecraft:picked_up":{"minecraft:iron_chestplate":3,"minecraft:wheat":1075,"minecraft:redstone_block":1,"minecraft:nether_brick_fence":4,"minecraft:anvil":2,"minecraft:smithing_table":1,"minecraft:lead":25,"minecraft:potion":4,"minecraft:birch_button":12,"minecraft:nether_brick":11,"minecraft:stone_brick_stairs":2,"minecraft:brewing_stand":1,"minecraft:string":918,"minecraft:raw_copper":25,"minecraft:soul_soil":41,"minecraft:iron_leggings":2,"minecraft:pufferfish":6,"minecraft:oak_sign":57,"minecraft:gold_nugget":351,"minecraft:cobbled_deepslate":165,"minecraft:comparator":1,"minecraft:bucket":5,"minecraft:redstone_torch":53,"minecraft:rose_bush":29,"minecraft:cobblestone_slab":248,"minecraft:iron_pickaxe":3,"minecraft:melon_slice":14,"minecraft:iron_boots":2,"minecraft:furnace":7,"minecraft:golden_helmet":3,"minecraft:stick":69,"minecraft:composter":16,"minecraft:birch_trapdoor":2,"minecraft:oak_fence":39,"minecraft:torch":158,"minecraft:porkchop":21,"minecraft:dried_kelp":11,"minecraft:pointed_dripstone":1,"minecraft:diorite":108,"minecraft:golden_chestplate":3,"minecraft:cauldron":5,"minecraft:stone_sword":3,"minecraft:cactus":17,"minecraft:rotten_flesh":580,"minecraft:bookshelf":21,"minecraft:blaze_rod":10,"minecraft:obsidian":21,"minecraft:cod":38,"minecraft:iron_bars":2,"minecraft:snowball":62,"minecraft:cobblestone":4008,"minecraft:nautilus_shell":1,"minecraft:birch_log":164,"minecraft:enchanting_table":2,"minecraft:magma_block":21,"minecraft:cooked_beef":12,"minecraft:feather":335,"minecraft:lilac":24,"minecraft:magma_cream":1,"minecraft:repeater":16,"minecraft:jungle_log":45,"minecraft:birch_slab":5,"minecraft:water_bucket":1,"minecraft:andesite":107,"minecraft:golden_leggings":3,"minecraft:potato":2950,"minecraft:flint":40,"minecraft:tuff":12,"minecraft:dirt":1000,"minecraft:lapis_lazuli":472,"minecraft:name_tag":2,"minecraft:leather_boots":3,"minecraft:bone":116,"minecraft:bow":10,"minecraft:wheat_seeds":2878,"minecraft:raw_gold":100,"minecraft:mossy_stone_bricks":1,"minecraft:bamboo":3309,"minecraft:powered_rail":35,"minecraft:honeycomb":27,"minecraft:oak_planks":444,"minecraft:mossy_stone_brick_stairs":3,"minecraft:poisonous_potato":22,"minecraft:sand":139,"minecraft:nether_brick_stairs":1,"minecraft:ink_sac":3,"minecraft:grass_block":4,"minecraft:barrel":3,"minecraft:mossy_cobblestone":50,"minecraft:dispenser":4,"minecraft:diamond":114,"minecraft:lever":1,"minecraft:crossbow":1,"minecraft:emerald":5,"minecraft:granite":11,"minecraft:bone_meal":1,"minecraft:golden_apple":6,"minecraft:bread":6,"minecraft:oak_sapling":81,"minecraft:netherrack":721,"minecraft:crimson_roots":1,"minecraft:cocoa_beans":339,"minecraft:crafting_table":59,"minecraft:ominous_bottle":1,"minecraft:chicken":2,"minecraft:nether_wart":318,"minecraft:chest_minecart":5,"minecraft:brown_mushroom":20,"minecraft:gold_block":2,"minecraft:shield":3,"minecraft:jungle_trapdoor":1,"minecraft:oak_trapdoor":1,"minecraft:iron_axe":3,"minecraft:flint_and_steel":1,"minecraft:iron_shovel":1,"minecraft:blackstone":51,"minecraft:beef":47,"minecraft:oak_boat":24,"minecraft:observer":17,"minecraft:poppy":12,"minecraft:minecart":38,"minecraft:lectern":289,"minecraft:chest":10,"minecraft:sugar_cane":1043,"minecraft:birch_sapling":17,"minecraft:piston":4,"minecraft:egg":19,"minecraft:raw_iron":337,"minecraft:sandstone":2,"minecraft:oak_door":24,"minecraft:copper_ingot":7,"minecraft:bowl":3,"minecraft:fire_charge":1,"minecraft:carrot":2857,"minecraft:redstone":863,"minecraft:jungle_sign":2,"minecraft:bamboo_button":5,"minecraft:bamboo_sign":1,"minecraft:arrow":70,"minecraft:peony":6,"minecraft:nether_bricks":38,"minecraft:gold_ingot":3,"minecraft:saddle":3,"minecraft:mutton":29,"minecraft:rail":560,"minecraft:white_wool":60,"minecraft:basalt":40,"minecraft:glow_ink_sac":6,"minecraft:salmon":32,"minecraft:leather":53,"minecraft:music_disc_stal":1,"minecraft:red_mushroom":12,"minecraft:filled_map":3,"minecraft:birch_planks":3,"minecraft:oak_log":623,"minecraft:ancient_debris":9,"minecraft:gunpowder":38,"minecraft:cobblestone_stairs":7,"minecraft:white_banner":5,"minecraft:apple":11,"minecraft:stone_bricks":5,"minecraft:kelp":1274,"minecraft:iron_ingot":43,"minecraft:cooked_chicken":45,"minecraft:glass_bottle":1,"minecraft:iron_sword":2,"minecraft:soul_sand":266,"minecraft:book":3,"minecraft:oak_slab":12,"minecraft:bamboo_planks":77,"minecraft:pumpkin":7,"minecraft:sweet_berries":116,"minecraft:quartz":164,"minecraft:gravel":275,"minecraft:white_bed":22,"minecraft:crying_obsidian":5,"minecraft:spider_eye":616,"minecraft:slime_ball":29,"minecraft:stone_axe":3,"minecraft:short_grass":2,"minecraft:iron_helmet":3,"minecraft:birch_sign":2,"minecraft:gray_wool":3,"minecraft:oak_button":7,"minecraft:baked_potato":88,"minecraft:coal":236,"minecraft:hopper":9,"minecraft:ender_pearl":5}},"DataVersion":3953}